interval_id,hr_peak,hrr60_abs,tau_recorded,r2_recorded,r2_full,tau_full,r2_first,tau_first,r2_second,tau_second,r2_delta,r2_ratio,hr_drop_first,hr_drop_second
1,137,14,300.0,0.921,0.8966,140.0,0.9363,122.6,0.4175,172.2,0.5188,0.4459,7.0,8.0
6,149,16,34.2,0.977,0.9785,56.7,0.9447,52.2,0.9177,26.0,0.027,0.9714,13.0,6.0
7,134,12,300.0,0.973,0.9674,147.9,0.9257,157.1,0.8883,142.4,0.0374,0.9596,5.0,6.0
9,158,19,267.9,0.895,0.8428,93.9,0.742,16.4,0.8831,13.5,-0.1411,1.1902,4.0,12.0
10,166,19,112.7,0.972,0.9309,93.0,0.6557,101.6,0.9318,103.9,-0.2761,1.4211,8.0,8.0
11,171,14,300.0,0.902,0.8206,119.2,0.7998,149.9,0.8717,57.6,-0.0719,1.0899,3.0,10.0
14,125,15,243.2,0.943,0.9347,93.3,0.9063,108.9,0.8812,6.2,0.0251,0.9723,8.0,7.0
15,158,14,300.0,0.931,0.9122,126.6,0.9011,129.2,0.8682,79.9,0.0329,0.9635,6.0,9.0
16,166,11,300.0,0.907,0.8841,134.8,0.7617,286.5,0.983,29.2,-0.2213,1.2905,3.0,8.0
17,170,11,300.0,0.93,0.9084,142.1,0.931,182.7,0.9761,79.6,-0.0451,1.0484,3.0,8.0
18,121,16,22.7,0.936,0.9284,22.3,0.9182,45.6,0.4871,3.8,0.4311,0.5305,14.0,2.0
20,132,31,120.7,0.959,0.9335,59.3,0.9242,62.2,0.9255,24.5,-0.0013,1.0014,16.0,16.0
23,154,17,58.2,0.994,0.991,56.2,0.9745,64.0,0.9766,102.2,-0.0021,1.0022,11.0,6.0
24,155,19,300.0,0.718,0.6859,136.0,0.4043,1.9,0.9469,51.3,-0.5426,2.3421,2.0,18.0
25,153,22,300.0,0.456,0.4406,190.8,0.3776,5.4,0.7525,56.6,-0.3749,1.9928,1.0,21.0
26,159,25,212.5,0.957,0.9329,90.1,0.9403,81.2,0.8786,60.5,0.0617,0.9344,9.0,17.0
27,136,16,20.7,0.961,0.9585,20.5,0.9738,48.6,0.6282,222.9,0.3456,0.6451,15.0,2.0
28,139,15,12.6,0.812,0.8031,12.1,0.9044,15.4,0.7737,129.3,0.1307,0.8555,9.0,7.0
29,145,18,195.8,0.947,0.919,86.8,0.8583,77.2,0.5618,92.8,0.2965,0.6545,12.0,6.0
30,147,23,181.3,0.96,0.9451,71.6,0.7576,78.9,0.9683,75.5,-0.2107,1.2781,13.0,11.0
31,150,19,65.1,0.962,0.9514,64.6,0.8985,60.4,0.7146,100.9,0.1839,0.7953,11.0,10.0
32,157,30,144.5,0.965,0.9409,68.6,0.8209,67.7,0.9283,50.1,-0.1074,1.1308,14.0,16.0
33,155,15,300.0,0.954,0.9216,106.5,0.8894,87.1,0.8116,73.2,0.0778,0.9125,7.0,8.0
34,155,22,210.2,0.954,0.929,79.3,0.8931,15.2,0.9248,19.8,-0.0317,1.0355,10.0,14.0
35,149,15,22.2,0.943,0.9351,22.2,0.9457,51.3,0.609,179.0,0.3367,0.644,12.0,4.0
36,122,17,32.0,0.947,0.9346,31.1,0.9689,15.1,0.9095,21.8,0.0594,0.9387,13.0,6.0
37,133,20,198.9,0.936,0.9147,75.5,0.7011,101.0,0.7845,84.5,-0.0834,1.119,13.0,7.0
38,130,16,44.9,0.837,0.7205,44.4,0.5134,111.1,0.0935,300.0,0.4199,0.1821,-8.0,0.0
39,159,15,25.5,0.98,0.8631,26.1,0.8653,184.1,0.2382,300.0,0.6271,0.2753,-3.0,-1.0
41,140,27,172.2,0.965,0.9442,72.4,0.9445,50.4,0.9555,43.3,-0.011,1.0116,12.0,16.0
42,153,12,6.9,0.848,0.8225,6.7,0.9403,8.5,0.5514,209.1,0.3889,0.5864,10.0,4.0
43,121,19,300.0,0.765,0.7278,121.1,0.9236,9.3,0.8814,48.4,0.0422,0.9543,3.0,17.0
44,128,11,300.0,0.907,0.8876,131.9,0.7661,7.5,0.9354,9.5,-0.1693,1.221,4.0,7.0
45,142,25,250.1,0.794,0.7796,88.2,0.9291,11.2,0.8409,47.3,0.0882,0.9051,14.0,11.0
48,134,12,300.0,0.905,0.8787,127.8,0.9532,8.3,0.8616,18.8,0.0916,0.9039,6.0,6.0
49,121,18,300.0,0.809,0.7652,121.1,0.5843,3.4,0.9647,52.7,-0.3804,1.651,4.0,14.0
50,125,24,53.8,0.971,0.9704,53.2,0.9365,50.0,0.9539,7.6,-0.0174,1.0186,17.0,8.0
51,121,25,29.0,0.98,0.9764,28.3,0.9746,43.1,0.7868,8.9,0.1878,0.8073,21.0,4.0
52,153,22,67.7,0.988,0.985,67.1,0.9396,54.0,0.9623,40.8,-0.0227,1.0242,13.0,10.0
53,164,19,264.7,0.966,0.9458,95.5,0.7988,109.3,0.9285,83.4,-0.1297,1.1624,9.0,11.0
54,166,20,265.5,0.99,0.9759,93.0,0.9819,84.6,0.9849,70.4,-0.003,1.0031,8.0,12.0
55,140,23,173.1,0.954,0.9397,67.1,0.9756,65.7,0.9343,8.0,0.0413,0.9577,10.0,14.0
56,153,15,300.0,0.862,0.825,116.7,0.384,300.0,0.9839,58.5,-0.5999,2.5622,3.0,12.0
57,164,16,266.9,0.954,0.927,90.4,0.7648,126.8,0.9565,66.1,-0.1917,1.2507,7.0,9.0
58,169,9,300.0,0.979,0.9671,144.0,0.9087,150.8,0.8763,140.2,0.0324,0.9643,5.0,5.0
59,151,15,42.7,0.936,0.9282,42.2,0.943,75.9,0.6462,3.7,0.2968,0.6853,12.0,3.0
60,157,11,26.8,0.867,0.5274,111.1,0.0678,5.3,0.6604,8.2,-0.5926,9.7404,-7.0,-2.0
61,166,17,298.0,0.872,0.9284,17.2,0.8927,15.6,0.8543,61.5,0.0384,0.957,-8.0,-3.0
63,175,20,253.1,0.96,0.7422,112.3,0.8453,8.2,0.8534,234.9,-0.0081,1.0096,-3.0,-3.0
64,177,13,300.0,0.754,0.9298,159.1,0.7022,15.3,0.9163,78.6,-0.2141,1.3049,-3.0,-5.0
65,137,9,59.7,0.966,0.9526,56.1,0.9297,96.4,0.822,45.4,0.1077,0.8842,6.0,3.0
66,138,14,300.0,0.498,0.1578,300.0,0.7806,6.0,0.2082,3.7,0.5724,0.2667,-2.0,0.0
67,152,30,22.7,0.967,0.9643,22.1,0.9479,32.6,0.8014,65.1,0.1465,0.8454,27.0,4.0
70,154,15,36.2,0.96,0.9528,36.0,0.919,58.7,0.6817,15.5,0.2373,0.7418,12.0,4.0
72,165,21,250.8,0.923,0.8926,99.1,0.8918,114.8,0.9398,54.8,-0.048,1.0538,6.0,16.0
73,166,11,300.0,0.955,0.9321,134.6,0.8406,126.5,0.9456,86.2,-0.105,1.1249,5.0,6.0
75,122,14,300.0,0.68,0.6549,160.5,0.8807,17.4,0.8836,57.1,-0.0029,1.0033,2.0,12.0
76,120,19,266.6,0.794,0.7554,94.8,0.5677,3.6,0.9485,12.3,-0.3808,1.6708,3.0,16.0
77,137,15,26.7,0.966,0.9624,26.3,0.9831,63.8,0.6952,2.9,0.2879,0.7072,12.0,3.0
78,143,17,300.0,0.885,0.8551,122.0,0.8338,148.1,0.912,62.4,-0.0782,1.0938,6.0,12.0
79,150,11,300.0,0.685,0.6635,189.7,0.859,4.5,0.8988,74.5,-0.0398,1.0463,4.0,8.0
81,105,16,26.0,0.947,0.9409,24.7,0.9373,54.7,0.7127,169.1,0.2246,0.7604,14.0,3.0
82,139,18,67.8,0.966,0.9629,68.0,0.9456,66.9,0.9557,6.4,-0.0101,1.0107,11.0,7.0
83,137,24,165.1,0.952,0.9311,67.1,0.8629,72.8,0.9383,8.4,-0.0754,1.0874,10.0,16.0
84,137,14,6.8,0.631,0.6171,6.7,0.8348,7.2,0.1972,267.4,0.6376,0.2362,8.0,7.0
85,133,10,44.7,0.99,0.9805,41.2,0.97,99.1,0.847,27.5,0.123,0.8732,7.0,3.0
86,146,18,29.7,0.982,0.9787,29.1,0.9868,56.0,0.7667,5.4,0.2201,0.777,13.0,5.0
87,144,19,13.5,0.964,0.9552,13.5,0.9457,15.1,0.5919,182.8,0.3538,0.6259,20.0,0.0
88,167,25,171.7,0.974,0.9565,69.8,0.926,75.7,0.9867,18.5,-0.0607,1.0656,12.0,14.0
89,160,10,32.6,0.888,0.8826,32.4,0.8686,84.8,0.045,300.0,0.8236,0.0518,9.0,1.0
90,152,13,300.0,0.908,0.887,109.2,0.701,225.2,0.9388,7.7,-0.2378,1.3392,4.0,9.0
91,125,13,300.0,0.941,0.9239,136.0,0.6748,217.2,0.9445,110.7,-0.2697,1.3997,5.0,8.0
92,121,13,106.3,0.88,0.8543,82.6,0.882,5.2,0.7548,24.0,0.1272,0.8558,8.0,5.0
93,130,17,117.7,0.886,0.8713,82.8,0.7501,106.8,0.6255,4.4,0.1246,0.8339,10.0,7.0
94,141,18,47.4,0.979,0.9721,46.9,0.9061,58.0,0.9649,19.8,-0.0588,1.0649,11.0,8.0
95,141,16,17.8,0.979,0.9751,17.6,0.9854,39.8,0.485,6.1,0.5004,0.4922,15.0,1.0
96,144,11,29.2,0.93,0.9163,28.3,0.8992,76.2,0.0444,10.0,0.8548,0.0494,10.0,2.0
97,163,18,300.0,0.804,0.7655,115.1,0.7513,300.0,0.948,48.1,-0.1967,1.2618,3.0,15.0
100,161,21,181.6,0.968,0.9528,69.8,0.8693,76.1,0.9387,18.9,-0.0694,1.0798,11.0,9.0
101,168,24,176.7,0.958,0.9309,73.0,0.9346,88.0,0.9959,27.0,-0.0613,1.0656,9.0,16.0
102,163,17,300.0,0.893,0.8643,111.9,0.8737,130.4,0.9516,55.6,-0.0779,1.0892,6.0,12.0
103,166,15,126.1,0.985,0.9817,84.8,0.9418,72.5,0.9318,24.9,0.01,0.9894,9.0,7.0
104,115,9,90.9,0.948,0.9333,96.2,0.8533,116.8,0.6067,4.7,0.2466,0.711,4.0,6.0
106,140,13,300.0,0.866,0.8482,156.9,0.9585,136.6,0.7682,89.4,0.1903,0.8015,5.0,8.0
107,140,22,21.3,0.979,0.9792,21.1,0.9876,38.7,0.6535,10.3,0.3341,0.6617,22.0,1.0
108,149,20,236.4,0.994,0.9848,81.0,0.9809,68.0,0.9738,32.1,0.0071,0.9928,11.0,10.0
109,162,20,251.4,0.962,0.9419,89.6,0.9689,72.8,0.9082,56.8,0.0607,0.9374,10.0,11.0
110,163,19,290.3,0.908,0.877,111.8,0.8351,166.6,0.9421,62.0,-0.107,1.1281,5.0,15.0
111,166,22,259.3,0.959,0.9441,98.7,0.8854,73.1,0.8317,76.7,0.0537,0.9393,11.0,12.0
113,127,24,47.3,0.975,0.9698,46.4,0.9732,23.5,0.8364,85.1,0.1368,0.8594,16.0,9.0
114,139,18,300.0,0.803,0.7628,134.2,0.7952,6.1,0.9409,55.9,-0.1457,1.1832,3.0,16.0
116,152,25,32.9,0.989,0.9862,32.9,0.9766,41.4,0.9071,93.9,0.0695,0.9288,19.0,7.0
117,162,26,175.5,0.985,0.9648,73.5,0.9463,68.4,0.9821,52.9,-0.0358,1.0378,12.0,15.0
118,137,13,62.8,0.954,0.9392,60.9,0.9074,82.5,0.6423,138.3,0.2651,0.7078,10.0,3.0
119,167,12,205.6,0.925,0.9179,102.8,0.7465,142.3,0.9519,7.6,-0.2054,1.2752,8.0,5.0
120,169,21,265.3,0.842,0.8004,106.9,0.6203,16.5,0.9718,47.4,-0.3515,1.5667,4.0,18.0
121,166,9,300.0,0.761,0.724,171.8,0.6082,11.7,0.873,54.0,-0.2648,1.4354,3.0,6.0
122,165,20,246.3,0.982,0.9638,90.0,0.9438,85.9,0.9729,65.8,-0.0291,1.0308,8.0,13.0
123,165,21,231.4,0.93,0.9029,88.9,0.8839,123.2,0.9906,50.3,-0.1067,1.1207,7.0,15.0
124,112,20,300.0,0.619,0.595,166.9,0.8869,5.9,0.6926,80.0,0.1943,0.7809,9.0,12.0
126,149,13,19.9,0.891,0.8822,19.7,0.9157,56.4,0.5066,3.2,0.4091,0.5532,15.0,-2.0
127,152,16,85.8,0.886,0.8752,76.0,0.9333,72.1,0.6866,115.2,0.2467,0.7357,8.0,8.0
128,109,10,300.0,0.927,0.9117,116.7,0.8389,206.7,0.9541,6.6,-0.1152,1.1373,4.0,6.0
130,133,16,227.1,0.988,0.9813,100.7,0.9456,77.8,0.9238,92.6,0.0218,0.9769,8.0,8.0
133,162,12,294.8,0.875,0.8496,97.0,0.8381,38.7,0.8728,9.2,-0.0347,1.0414,4.0,9.0
134,146,18,15.0,0.964,0.9663,14.5,0.9588,25.8,0.817,8.1,0.1418,0.8521,17.0,2.0
136,121,13,300.0,0.896,0.8555,135.2,0.9182,146.5,0.8818,70.4,0.0364,0.9604,4.0,9.0
137,153,31,132.5,0.944,0.8989,69.2,0.838,96.5,0.9964,33.6,-0.1584,1.189,9.0,23.0
138,164,13,53.2,0.901,0.8989,77.0,0.8691,98.9,0.7847,4.1,0.0844,0.9029,8.0,5.0
140,120,14,285.8,0.961,0.9428,94.1,0.9019,90.0,0.897,25.1,0.0049,0.9946,7.0,8.0
143,142,12,213.0,0.919,0.9124,93.3,0.9324,118.1,0.8664,6.0,0.066,0.9292,7.0,5.0
144,120,20,199.0,0.95,0.9328,72.9,0.9442,72.8,0.8773,10.7,0.0669,0.9291,10.0,10.0
146,129,19,271.9,0.954,0.9288,97.5,0.9737,92.7,0.9645,56.4,0.0092,0.9906,7.0,13.0
148,136,21,204.0,0.988,0.9806,78.1,0.9657,34.7,0.9584,20.0,0.0073,0.9924,11.0,11.0
151,167,20,269.4,0.918,0.8922,101.7,0.9278,65.0,0.9294,54.7,-0.0016,1.0017,6.0,15.0
153,155,9,288.5,0.83,0.811,142.7,0.5506,21.1,0.7178,3.1,-0.1672,1.3037,4.0,5.0
154,162,21,292.3,0.86,0.8271,117.4,0.7579,27.7,0.9288,56.6,-0.1709,1.2255,5.0,17.0
155,162,18,71.7,0.923,0.1227,300.0,0.7802,15.6,0.6185,109.3,0.1617,0.7927,2.0,-10.0
156,158,13,300.0,0.978,0.4147,300.0,0.1226,300.0,0.4582,250.9,-0.3356,3.7374,-1.0,-3.0
157,158,18,241.4,0.975,0.8947,218.7,0.7022,14.1,0.5399,300.0,0.1623,0.7689,-3.0,-3.0
158,114,9,7.2,0.865,0.8528,7.0,0.9789,14.7,0.5282,2.6,0.4507,0.5396,11.0,-1.0
159,117,18,246.9,0.889,0.8539,88.1,0.4351,4.5,0.9098,12.2,-0.4747,2.091,7.0,11.0
161,117,13,99.1,0.873,0.8674,101.1,0.8728,7.2,0.8288,4.1,0.044,0.9496,7.0,8.0
162,122,19,278.2,0.875,0.8422,103.8,0.914,34.5,0.8751,50.9,0.0389,0.9574,7.0,13.0
163,106,10,27.1,0.898,0.8735,27.4,0.8558,83.0,0.0387,17.2,0.8171,0.0452,9.0,2.0
165,139,17,17.1,0.913,0.9083,16.4,0.9484,30.5,0.3893,202.3,0.5591,0.4105,13.0,5.0
166,155,13,300.0,0.813,0.7802,175.5,0.9365,6.6,0.8521,83.3,0.0844,0.9099,5.0,9.0
168,152,11,300.0,0.559,0.5282,225.4,0.5987,4.0,0.8893,70.7,-0.2906,1.4854,2.0,9.0
169,165,21,66.5,0.985,0.9812,68.6,0.96,53.7,0.8531,84.5,0.1069,0.8886,15.0,7.0
170,128,11,62.9,0.982,0.9747,62.4,0.9629,82.8,0.8492,129.7,0.1137,0.8819,7.0,5.0
172,169,15,300.0,0.98,0.962,98.0,0.9409,91.3,0.9741,66.5,-0.0332,1.0353,7.0,9.0
173,138,28,36.5,0.975,0.9726,36.3,0.9605,42.2,0.8194,6.5,0.1411,0.8531,21.0,8.0
174,152,18,53.5,0.952,0.9442,54.1,0.9465,63.3,0.8085,113.3,0.138,0.8542,10.0,8.0
175,145,25,48.6,0.965,0.9619,49.1,0.9345,44.5,0.805,71.2,0.1295,0.8614,19.0,7.0
176,152,17,300.0,0.736,0.6995,125.2,0.205,2.2,0.9512,47.5,-0.7462,4.64,1.0,16.0
177,155,32,159.4,0.899,0.8665,83.2,0.854,113.0,0.962,43.1,-0.108,1.1265,7.0,26.0
180,122,16,289.7,0.964,0.9496,91.5,0.965,106.8,0.9631,8.3,0.0019,0.998,7.0,9.0
182,169,18,300.0,0.865,0.8376,130.3,0.73,9.1,0.9014,68.4,-0.1714,1.2348,5.0,14.0
183,171,13,300.0,0.936,0.9149,126.6,0.9141,142.9,0.9626,72.6,-0.0485,1.0531,5.0,9.0
184,169,10,67.5,0.86,0.828,65.0,0.7919,129.6,0.0297,300.0,0.7622,0.0375,7.0,3.0
185,163,9,7.1,0.761,0.7499,6.3,0.8783,5.1,0.7244,167.4,0.1539,0.8248,8.0,2.0
186,151,19,270.0,0.816,0.7741,100.0,0.7482,4.5,0.9614,30.9,-0.2132,1.285,5.0,15.0
187,149,34,134.0,0.965,0.935,69.1,0.9094,63.8,0.9232,44.9,-0.0138,1.0152,13.0,21.0
188,162,14,300.0,0.778,0.7536,189.6,0.5381,202.6,0.4783,137.3,0.0598,0.8889,5.0,9.0
190,162,29,163.9,0.924,0.8852,75.8,0.9489,17.2,0.9933,21.7,-0.0444,1.0468,7.0,22.0
191,162,11,15.8,0.93,0.9212,17.3,0.9552,54.7,0.2925,300.0,0.6627,0.3062,12.0,-1.0
192,164,10,86.5,0.905,0.9074,99.7,0.7848,121.1,0.8224,5.6,-0.0376,1.0479,7.0,4.0
193,116,14,56.7,0.96,0.9548,58.0,0.8752,71.1,0.8191,137.8,0.0561,0.9359,10.0,5.0
195,122,15,29.0,0.973,0.9682,28.8,0.9364,54.4,0.9396,14.1,-0.0032,1.0034,11.0,4.0
196,128,18,19.0,0.912,0.905,18.9,0.8819,37.8,0.3724,9.4,0.5095,0.4223,18.0,1.0
197,138,23,99.5,0.97,0.9652,65.3,0.8991,60.9,0.969,9.3,-0.0699,1.0777,14.0,10.0
198,137,21,224.3,0.967,0.9463,83.5,0.9255,70.6,0.8581,59.4,0.0674,0.9272,12.0,9.0
200,137,28,31.9,0.967,0.9662,31.8,0.95,40.0,0.8465,6.3,0.1035,0.8911,25.0,4.0
201,144,23,15.6,0.925,0.9173,14.6,0.9607,30.0,0.2858,230.0,0.6749,0.2975,17.0,8.0
203,159,19,47.6,0.937,0.9275,49.6,0.8106,54.6,0.7226,9.3,0.088,0.8914,14.0,4.0
206,111,13,122.4,0.963,0.9576,96.9,0.8763,92.3,0.9215,7.9,-0.0452,1.0516,7.0,7.0
208,147,11,37.8,0.856,0.8259,34.8,0.9072,29.8,0.3328,177.0,0.5744,0.3668,9.0,3.0
210,144,46,65.6,0.963,0.9526,41.7,0.8639,39.3,0.992,8.8,-0.1281,1.1483,28.0,19.0
212,150,14,300.0,0.909,0.8817,105.8,0.3825,230.1,0.9136,66.4,-0.5311,2.3885,6.0,8.0
216,128,23,20.8,0.975,0.9721,20.7,0.9683,37.5,0.9162,151.5,0.0521,0.9462,20.0,4.0
217,125,17,104.6,0.907,0.8949,81.8,0.7972,9.1,0.8696,3.6,-0.0724,1.0908,9.0,9.0
218,128,10,82.5,0.905,0.8594,68.1,0.897,108.5,0.6505,7.8,0.2465,0.7252,5.0,5.0
219,140,17,224.8,0.962,0.9512,99.6,0.956,62.8,0.9373,70.7,0.0187,0.9804,9.0,9.0
220,144,14,53.2,0.96,0.9528,51.8,0.9439,70.7,0.7053,8.1,0.2386,0.7472,10.0,4.0
221,135,12,35.8,0.908,0.9025,35.3,0.954,85.3,0.5289,1.4,0.4251,0.5544,11.0,2.0
222,171,13,300.0,0.731,0.7035,182.9,0.7833,4.9,0.7301,84.9,0.0532,0.9321,3.0,11.0
223,98,9,300.0,0.386,0.3791,300.0,0.6747,3.6,0.7508,101.5,-0.0761,1.1128,2.0,6.0
224,120,15,260.9,0.864,0.1841,12.2,0.7068,300.0,0.0776,300.0,0.6292,0.1098,1.0,0.0
225,116,12,300.0,0.83,0.9559,12.0,0.9691,8.6,0.0928,300.0,0.8763,0.0958,-13.0,0.0
226,135,11,211.7,0.945,0.0644,4.6,0.2885,5.9,0.2388,286.5,0.0497,0.8277,0.0,-1.0
227,145,24,108.0,0.975,0.7665,16.2,0.897,53.2,0.4294,151.0,0.4676,0.4787,-14.0,7.0
228,159,27,165.6,0.907,0.9419,11.1,0.9744,22.4,0.1211,300.0,0.8533,0.1243,-10.0,1.0
229,161,34,38.4,0.972,0.6729,11.5,0.9054,44.3,0.5452,101.3,0.3602,0.6022,-13.0,8.0
235,132,15,300.0,0.877,0.8649,150.1,0.8899,22.9,0.9323,77.3,-0.0424,1.0476,3.0,12.0
236,137,24,128.7,0.985,0.9753,66.9,0.8913,59.6,0.9756,44.0,-0.0843,1.0946,13.0,11.0
238,141,17,27.8,0.975,0.9733,31.1,0.9766,53.5,0.7634,6.5,0.2132,0.7817,14.0,5.0
239,146,34,68.2,0.99,0.9842,52.3,0.9699,42.5,0.9596,22.3,0.0103,0.9894,21.0,15.0
240,106,13,27.2,0.942,0.9309,26.9,0.9846,28.1,0.7504,133.3,0.2342,0.7621,10.0,4.0
241,104,13,19.9,0.99,0.9839,19.6,0.9786,20.5,0.8252,235.5,0.1534,0.8432,10.0,3.0
242,107,9,300.0,0.736,0.7062,187.7,0.8713,44.8,0.6769,95.2,0.1944,0.7769,5.0,5.0
243,117,16,300.0,0.865,0.8312,101.4,0.6881,7.2,0.8529,5.9,-0.1648,1.2395,4.0,13.0
244,119,12,92.9,0.85,0.8297,99.0,0.8722,38.4,0.8101,104.0,0.0621,0.9288,7.0,6.0
245,122,20,81.8,0.977,0.9689,80.2,0.9645,54.7,0.8844,53.7,0.0801,0.917,12.0,8.0
247,143,20,221.3,0.899,0.864,81.9,0.9119,160.0,0.9736,14.5,-0.0617,1.0677,5.0,15.0
248,141,27,40.4,0.981,0.9779,40.4,0.9424,42.4,0.9389,84.9,0.0035,0.9963,18.0,9.0
249,145,12,300.0,0.544,0.4974,212.7,0.6223,3.0,0.9163,72.2,-0.294,1.4724,4.0,8.0
250,152,15,27.4,0.955,0.952,27.0,0.9199,55.1,0.8498,12.5,0.0701,0.9238,12.0,3.0
251,99,12,300.0,0.856,0.821,150.3,0.9359,15.0,0.9164,69.7,0.0195,0.9792,4.0,8.0
253,95,9,300.0,0.857,0.824,143.7,0.6313,6.3,0.9361,3.9,-0.3048,1.4828,2.0,7.0
255,112,27,68.9,0.972,0.9683,64.3,0.9516,53.7,0.8449,8.7,0.1067,0.8879,16.0,12.0
256,125,16,9.4,0.941,0.9435,9.1,0.9611,13.4,0.125,300.0,0.8361,0.1301,19.0,-1.0
257,121,27,154.7,0.977,0.9614,65.5,0.8813,67.2,0.9883,40.7,-0.107,1.1214,14.0,13.0
258,124,12,300.0,0.842,0.8045,136.0,0.5572,2.8,0.8915,31.6,-0.3343,1.6,4.0,8.0
259,139,41,99.1,0.939,0.91,58.1,0.8712,61.3,0.9816,31.8,-0.1104,1.1267,16.0,25.0
260,148,10,300.0,0.808,0.768,137.7,0.5638,300.0,0.7746,16.2,-0.2108,1.3739,3.0,7.0
261,153,25,177.2,0.989,0.9742,69.3,0.9314,61.1,0.9594,55.0,-0.028,1.0301,13.0,12.0
262,132,11,7.5,0.936,0.9243,7.1,0.9363,8.4,0.2299,300.0,0.7064,0.2455,14.0,-1.0
264,114,12,300.0,0.866,0.8487,169.1,0.9585,42.0,0.5632,137.7,0.3953,0.5876,7.0,7.0
265,126,29,97.6,0.925,0.9179,53.8,0.8869,62.5,0.9347,3.6,-0.0478,1.0539,16.0,13.0
266,126,26,147.9,0.907,0.8743,63.9,0.9432,99.2,0.951,9.5,-0.0078,1.0083,9.0,18.0
268,133,20,39.7,0.983,0.9814,40.5,0.9581,52.4,0.9241,23.1,0.034,0.9645,16.0,4.0
269,128,11,15.2,0.852,0.8311,13.5,0.8524,7.6,0.518,188.8,0.3344,0.6077,10.0,2.0
270,131,9,131.4,0.868,0.8337,138.2,0.9171,9.8,0.7946,5.9,0.1225,0.8664,4.0,6.0
272,152,21,262.9,0.885,0.8541,102.9,0.8253,177.4,0.9368,53.7,-0.1115,1.1351,5.0,16.0
273,130,14,39.5,0.902,0.8874,31.5,0.9439,30.0,0.5314,162.8,0.4125,0.563,10.0,5.0
275,168,13,300.0,0.774,0.6098,300.0,0.083,300.0,0.6711,239.5,-0.5881,8.0855,1.0,3.0
276,168,14,300.0,0.693,0.3069,5.4,0.6465,14.7,0.0716,300.0,0.5749,0.1108,-2.0,1.0
277,107,15,18.4,0.961,0.9545,18.3,0.9781,48.6,0.2328,6.2,0.7453,0.238,14.0,2.0
278,115,31,144.0,0.98,0.9673,64.3,0.9323,61.4,0.9707,51.8,-0.0384,1.0412,16.0,16.0
279,117,28,135.6,0.978,0.9639,59.5,0.9471,48.4,0.9534,13.7,-0.0063,1.0067,14.0,15.0
280,111,23,32.2,0.99,0.9879,30.9,0.9909,30.8,0.914,108.1,0.0769,0.9224,15.0,9.0
282,109,13,35.7,0.793,0.7778,33.1,0.8626,7.8,0.8078,46.6,0.0548,0.9365,9.0,5.0
283,129,21,23.5,0.95,0.9418,22.9,0.9839,17.4,0.714,30.5,0.2699,0.7257,18.0,4.0
284,135,46,45.1,0.976,0.9747,43.1,0.9582,36.8,0.8608,12.2,0.0974,0.8984,33.0,13.0
285,139,41,98.3,0.876,0.8438,62.9,0.9629,73.0,0.9624,27.7,0.0005,0.9995,11.0,30.0
286,118,13,62.3,0.865,0.8452,58.3,0.9464,5.7,0.6852,4.8,0.2612,0.724,8.0,6.0
287,124,12,300.0,0.858,0.8303,152.6,0.8854,181.9,0.9154,73.1,-0.03,1.0339,4.0,9.0
288,132,9,16.8,0.867,0.8445,15.8,0.8532,14.3,0.3551,300.0,0.4981,0.4162,7.0,2.0
289,144,23,200.9,0.882,0.8441,82.2,0.9625,12.7,0.9361,28.2,0.0264,0.9726,7.0,16.0
290,136,19,22.9,0.978,0.9782,22.4,0.9811,43.6,0.9181,5.1,0.063,0.9358,17.0,3.0
293,152,21,187.1,0.968,0.9515,69.1,0.8597,76.0,0.9692,14.4,-0.1095,1.1274,11.0,10.0
294,115,20,106.6,0.944,0.9389,73.1,0.8284,75.7,0.8868,6.5,-0.0584,1.0705,11.0,9.0
295,105,15,38.2,0.937,0.9254,37.3,0.9458,41.5,0.8087,113.5,0.1371,0.855,9.0,6.0
296,132,9,300.0,0.912,0.8923,137.3,0.926,14.6,0.874,25.1,0.052,0.9438,5.0,6.0
297,135,25,39.7,0.96,0.9557,39.0,0.9183,49.8,0.8009,7.3,0.1174,0.8722,19.0,7.0
299,114,14,300.0,0.958,0.938,130.3,0.699,13.4,0.908,122.0,-0.209,1.299,7.0,8.0
300,93,10,7.0,0.839,0.7847,6.5,0.8104,5.7,0.3531,2.3,0.4573,0.4357,7.0,4.0
301,99,13,21.9,0.946,0.943,21.5,0.9457,51.4,0.394,4.1,0.5517,0.4166,13.0,1.0
302,103,19,31.8,0.957,0.949,31.1,0.9168,46.4,0.7535,19.6,0.1633,0.8219,16.0,3.0
303,101,20,251.8,0.952,0.9261,95.8,0.898,119.0,0.9849,60.0,-0.0869,1.0968,7.0,14.0
305,107,16,300.0,0.913,0.8801,112.1,0.8538,9.2,0.8768,67.6,-0.023,1.0269,5.0,11.0
306,120,22,199.4,0.942,0.9118,77.1,0.9774,96.8,0.9805,18.7,-0.0031,1.0032,8.0,15.0
307,131,22,300.0,0.69,0.6565,125.4,0.9212,15.2,0.9156,42.7,0.0056,0.9939,3.0,20.0
308,121,12,114.7,0.908,0.8904,112.0,0.7175,124.5,0.441,4.4,0.2765,0.6146,6.0,7.0
310,130,14,20.2,0.908,0.9017,19.3,0.9149,54.1,0.6078,270.0,0.3071,0.6643,13.0,2.0
312,132,19,253.6,0.979,0.9632,86.7,0.9796,68.6,0.9355,59.0,0.0441,0.955,10.0,10.0
314,116,11,122.5,0.922,0.9138,100.0,0.8156,32.8,0.9126,5.2,-0.097,1.1189,6.0,5.0
316,128,23,300.0,0.787,0.773,107.6,0.8922,8.2,0.9022,64.8,-0.01,1.0112,12.0,13.0
318,127,25,37.2,0.989,0.9861,37.0,0.9703,45.4,0.9316,17.1,0.0387,0.9601,19.0,6.0
319,119,13,19.4,0.948,0.9372,18.7,0.9627,56.9,0.7552,187.2,0.2075,0.7845,12.0,1.0
320,139,26,146.0,0.955,0.9428,59.7,0.8552,65.9,0.9338,9.8,-0.0786,1.0919,14.0,13.0
321,117,16,299.6,0.974,0.9515,100.2,0.9281,94.6,0.9696,65.2,-0.0415,1.0447,7.0,10.0
322,116,11,46.4,0.954,0.9412,45.8,0.9085,57.2,0.7646,5.7,0.1439,0.8416,7.0,5.0
323,124,10,300.0,0.777,0.7491,150.0,0.5043,4.6,0.943,62.2,-0.4387,1.8699,2.0,9.0
325,120,18,12.6,0.847,0.8379,11.9,0.8912,11.8,0.7497,125.6,0.1415,0.8412,11.0,7.0
326,125,21,33.8,0.995,0.992,32.9,0.9807,28.9,0.9541,16.8,0.0266,0.9729,15.0,6.0
327,124,14,16.3,0.859,0.8401,15.0,0.937,8.4,0.8049,136.3,0.1321,0.859,9.0,6.0
328,136,15,300.0,0.973,0.9628,114.5,0.9762,15.6,0.9678,81.7,0.0084,0.9914,8.0,8.0
329,134,19,271.8,0.926,0.8929,103.8,0.6505,168.7,0.9607,64.9,-0.3102,1.4769,6.0,14.0
330,141,17,300.0,0.917,0.8949,104.1,0.8978,5.3,0.9681,9.8,-0.0703,1.0783,5.0,13.0
331,120,31,124.3,0.972,0.8251,51.2,0.4033,87.0,0.8286,5.5,-0.4253,2.0545,-22.0,-5.0
332,117,16,124.0,0.971,0.9028,10.4,0.8977,6.7,0.8074,4.0,0.0903,0.8994,-18.0,-3.0
333,132,33,154.1,0.81,0.6961,89.8,0.4126,300.0,0.8872,8.5,-0.4746,2.1503,0.0,-15.0
334,135,26,167.7,0.929,0.9254,50.2,0.8078,38.4,0.8014,6.4,0.0064,0.9921,-18.0,-11.0
337,142,22,124.1,0.977,0.9727,69.0,0.9405,65.2,0.9753,11.1,-0.0348,1.037,12.0,10.0
338,136,11,18.4,0.88,0.8612,18.1,0.9312,68.7,0.1134,300.0,0.8178,0.1218,10.0,1.0
339,143,9,12.2,0.818,0.7657,12.6,0.9386,19.1,0.423,208.9,0.5156,0.4507,6.0,4.0
340,155,19,223.3,0.86,0.8219,80.6,0.6606,5.7,0.9666,7.5,-0.306,1.4632,4.0,15.0
341,152,11,10.4,0.866,0.8731,10.1,0.9614,34.7,0.9067,4.4,0.0547,0.9431,14.0,-2.0
343,130,18,221.9,0.949,0.924,83.3,0.8366,114.7,0.9296,18.2,-0.093,1.1112,8.0,10.0
345,125,20,238.2,0.948,0.9235,86.4,0.9467,94.5,0.9887,15.5,-0.042,1.0444,7.0,14.0
346,129,17,291.1,0.945,0.9232,98.7,0.9561,8.2,0.958,36.7,-0.0019,1.002,8.0,10.0
347,129,15,300.0,0.837,0.801,111.9,0.8502,143.8,0.8154,53.7,0.0348,0.9591,6.0,9.0
348,146,20,75.6,0.89,0.8817,78.7,0.9343,58.9,0.6931,98.3,0.2412,0.7418,10.0,10.0
349,133,9,300.0,0.88,0.8494,139.3,0.8803,246.5,0.9408,29.6,-0.0605,1.0687,2.0,7.0
350,136,9,300.0,0.917,0.887,135.5,0.8689,159.1,0.8499,24.5,0.019,0.9781,4.0,6.0
351,142,11,300.0,0.451,0.411,219.2,0.4906,3.1,0.814,59.7,-0.3234,1.6592,1.0,11.0
354,125,33,136.1,0.976,0.9598,61.1,0.9926,16.4,0.9792,19.1,0.0134,0.9865,17.0,17.0
356,153,15,300.0,0.944,0.9249,136.8,0.9327,103.4,0.8046,97.3,0.1281,0.8627,6.0,9.0
357,147,12,47.8,0.87,0.8509,44.8,0.8574,37.9,0.7627,119.9,0.0947,0.8895,8.0,4.0
359,142,12,34.4,0.741,0.7221,31.3,0.9439,23.6,0.3685,157.0,0.5754,0.3904,9.0,4.0
361,127,24,165.2,0.926,0.8969,66.3,0.5925,104.1,0.9722,16.2,-0.3797,1.6408,11.0,13.0
362,131,27,202.1,0.91,0.883,88.5,0.9331,62.5,0.8488,48.7,0.0843,0.9097,12.0,16.0
363,135,28,213.2,0.922,0.8976,91.3,0.9587,7.7,0.9711,49.0,-0.0124,1.0129,10.0,20.0
364,131,20,205.5,0.925,0.9021,74.8,0.9788,32.9,0.9205,10.5,0.0583,0.9404,8.0,13.0
365,134,19,35.6,0.966,0.9658,33.9,0.9314,49.1,0.8662,10.9,0.0652,0.93,16.0,5.0
366,124,10,600.0,0.958,0.947,170.5,0.9607,114.7,0.8243,145.8,0.1364,0.858,5.0,5.0
367,130,19,243.5,0.942,0.9115,90.3,0.907,27.0,0.9441,52.8,-0.0371,1.0409,8.0,12.0
368,136,16,104.5,0.948,0.9424,89.3,0.8189,88.7,0.825,34.8,-0.0061,1.0074,10.0,7.0
369,135,11,44.5,0.96,0.9488,42.8,0.9242,10.4,0.9265,6.1,-0.0023,1.0025,7.0,5.0
371,134,15,358.0,0.955,0.9373,116.2,0.8829,148.9,0.8576,104.0,0.0253,0.9713,6.0,10.0
372,141,9,29.7,0.979,0.9735,28.5,0.9793,71.3,0.7161,8.3,0.2632,0.7312,7.0,2.0
373,171,17,342.0,0.898,0.8694,120.0,0.9505,16.4,0.959,60.3,-0.0085,1.0089,5.0,13.0
