interval_id,session_id,duration_sec,hr_peak,hrr60_recorded,r2_60_recorded,fit_success,fit_hr_peak,fit_hr_asymptote,fit_tau,r2_early,max_residual,max_residual_at,accumulated_error,residual_at_60,late_residual_trend,pred_30,actual_30,resid_30,pred_35,actual_35,resid_35,pred_40,actual_40,resid_40,pred_45,actual_45,resid_45,pred_50,actual_50,resid_50,pred_55,actual_55,resid_55,pred_60,actual_60,resid_60
1,1,88,137,14,0.921,True,137.3,110.0,122.6,0.936,4.737830450949957,60,12.7,-4.7,-0.319,131.4,130.4,-1.0,130.5,128.2,-2.3,129.7,128.0,-1.7,128.9,128.6,-0.3,128.2,129.4,1.2,127.4,126.0,-1.4,126.7,122.0,-4.7
6,34,65,149,16,0.977,True,151.8,116.0,52.2,0.945,2.256039688906071,60,5.0,2.3,0.136,136.2,136.0,-0.2,134.3,135.8,1.5,132.6,133.0,0.4,131.1,131.0,-0.1,129.7,130.2,0.5,128.5,128.6,0.1,127.3,129.6,2.3
7,36,89,134,12,0.973,True,134.5,109.0,157.1,0.926,3.5899099247385777,60,11.6,-3.6,-0.16,130.0,129.2,-0.8,129.4,128.0,-1.4,128.8,127.4,-1.4,128.1,127.0,-1.1,127.5,126.2,-1.3,127.0,125.0,-2.0,126.4,122.8,-3.6
9,36,120,158,19,0.895,True,158.7,151.9,16.4,0.742,11.269064146907425,60,48.6,-11.3,-0.03,153.0,153.4,0.4,152.7,152.0,-0.7,152.5,147.8,-4.7,152.3,141.8,-10.5,152.2,141.4,-10.8,152.1,142.0,-10.1,152.1,140.8,-11.3
10,36,120,166,19,0.972,True,167.9,137.0,101.6,0.656,5.106432089097609,60,24.9,-5.1,-0.106,160.0,157.4,-2.6,158.9,155.6,-3.3,157.8,154.2,-3.6,156.8,153.2,-3.6,155.9,153.0,-2.9,155.0,151.2,-3.8,154.1,149.0,-5.1
11,36,120,171,14,0.902,True,172.1,147.0,149.9,0.8,7.159294768997199,55,22.7,-6.8,-0.322,167.5,167.2,-0.3,166.8,167.0,0.2,166.2,166.6,0.4,165.6,163.8,-1.8,164.9,158.8,-6.1,164.4,157.2,-7.2,163.8,157.0,-6.8
12,37,62,131,14,0.837,True,130.1,100.0,118.0,0.588,7.819679234496206,40,34.4,-1.3,0.395,123.3,120.0,-3.3,122.3,115.8,-6.5,121.4,113.6,-7.8,120.5,113.2,-7.3,119.7,114.8,-4.9,118.9,115.6,-3.3,118.1,116.8,-1.3
14,37,70,125,15,0.943,True,124.7,97.0,108.9,0.906,5.993180778136022,40,27.5,-3.4,0.073,118.0,116.8,-1.2,117.1,113.6,-3.5,116.2,110.2,-6.0,115.3,110.4,-4.9,114.5,110.8,-3.7,113.7,109.0,-4.7,113.0,109.6,-3.4
15,37,120,158,14,0.931,True,158.7,133.0,129.2,0.901,5.175193251767439,60,14.5,-5.2,-0.315,153.4,152.8,-0.6,152.6,151.8,-0.8,151.9,151.8,-0.1,151.2,150.6,-0.6,150.5,147.8,-2.7,149.8,145.2,-4.6,149.2,144.0,-5.2
16,37,120,166,11,0.907,True,165.8,143.0,286.5,0.762,6.717598475011101,60,28.7,-6.7,-0.13,163.6,163.0,-0.6,163.2,161.6,-1.6,162.9,159.8,-3.1,162.5,157.8,-4.7,162.2,156.4,-5.8,161.8,155.6,-6.2,161.5,154.8,-6.7
17,37,120,170,11,0.93,True,170.4,147.0,182.7,0.931,4.87444035554509,60,16.8,-4.9,-0.172,166.9,167.0,0.1,166.3,166.0,-0.3,165.8,164.8,-1.0,165.3,163.0,-2.3,164.8,161.2,-3.6,164.3,159.8,-4.5,163.9,159.0,-4.9
18,2,118,121,16,0.936,True,123.8,87.0,45.6,0.918,8.132415495014556,60,21.1,8.1,0.492,106.0,107.2,1.2,104.1,105.4,1.3,102.3,102.4,0.1,100.7,101.4,0.7,99.3,103.0,3.7,98.0,104.0,6.0,96.9,105.0,8.1
19,2,64,122,21,0.938,True,125.7,84.4,25.3,0.936,12.761718842231176,60,44.7,12.8,0.331,97.0,99.8,2.8,94.7,97.2,2.5,92.9,96.4,3.5,91.3,98.6,7.3,90.1,98.0,7.9,89.1,97.0,7.9,88.2,101.0,12.8
20,2,68,132,31,0.959,True,134.1,96.0,62.2,0.924,14.448347311456374,50,61.6,-10.5,-0.0,119.5,116.4,-3.1,117.7,113.4,-4.3,116.0,110.0,-6.0,114.5,104.4,-10.1,113.0,98.6,-14.4,111.7,98.6,-13.1,110.5,100.0,-10.5
22,2,64,127,10,0.863,True,128.5,119.4,10.2,0.827,6.498785627082597,50,30.6,-2.5,0.242,119.9,121.2,1.3,119.7,117.0,-2.7,119.6,113.6,-6.0,119.5,113.4,-6.1,119.5,113.0,-6.5,119.5,114.0,-5.5,119.5,117.0,-2.5
23,2,116,154,17,0.994,True,155.4,123.0,64.0,0.975,1.0717330888052174,55,5.6,0.9,0.012,143.3,143.0,-0.3,141.8,142.4,0.6,140.4,141.4,1.0,139.1,139.8,0.7,137.8,138.8,1.0,136.7,137.8,1.1,135.7,136.6,0.9
24,2,120,155,19,0.718,True,155.5,154.3,5.0,0.235,17.743264711221144,60,54.3,-17.7,-0.752,154.3,154.4,0.1,154.3,152.8,-1.5,154.3,150.2,-4.1,154.3,147.6,-6.7,154.3,144.6,-9.7,154.3,140.0,-14.3,154.3,136.6,-17.7
25,2,78,153,22,0.456,True,154.3,150.8,5.4,0.378,20.191540008075464,60,41.2,-20.2,-1.32,150.8,152.0,1.2,150.8,152.4,1.6,150.8,151.6,0.8,150.8,150.2,-0.6,150.8,146.0,-4.8,150.8,138.8,-12.0,150.8,130.6,-20.2
26,2,120,159,25,0.957,True,160.6,130.0,81.2,0.94,11.20539930165097,60,33.1,-11.2,-0.55,151.1,150.2,-0.9,149.9,147.8,-2.1,148.7,145.0,-3.7,147.6,144.0,-3.6,146.5,143.0,-3.5,145.5,137.4,-8.1,144.6,133.4,-11.2
27,38,120,136,16,0.961,True,138.9,102.0,48.6,0.974,7.115319891347696,55,32.2,7.1,0.17,121.9,122.0,0.1,119.9,122.8,2.9,118.2,123.0,4.8,116.6,121.4,4.8,115.2,120.6,5.4,113.9,121.0,7.1,112.7,119.8,7.1
28,38,100,139,15,0.812,True,140.8,125.1,15.4,0.904,3.709203195512046,40,17.8,-2.2,-0.373,127.4,129.6,2.2,126.7,130.0,3.3,126.3,130.0,3.7,126.0,129.4,3.4,125.7,128.0,2.3,125.6,126.2,0.6,125.4,123.2,-2.2
29,38,120,145,18,0.947,True,146.2,113.0,77.2,0.858,3.754178534721774,50,15.8,-1.4,-0.078,135.5,133.2,-2.3,134.1,131.0,-3.1,132.8,134.2,1.4,131.5,131.4,-0.1,130.4,126.6,-3.8,129.3,125.6,-3.7,128.2,126.8,-1.4
30,38,113,147,23,0.96,True,149.8,114.0,78.9,0.758,7.347204985685238,60,40.5,-7.3,-0.15,138.5,134.4,-4.1,137.0,131.4,-5.6,135.6,130.2,-5.4,134.3,129.0,-5.3,133.0,127.2,-5.8,131.8,124.8,-7.0,130.7,123.4,-7.3
31,38,76,150,19,0.962,True,151.8,119.0,60.4,0.898,1.9753665637084339,35,6.6,-0.9,-0.188,139.0,139.4,0.4,137.4,135.4,-2.0,135.9,135.6,-0.3,134.6,136.4,1.8,133.3,134.0,0.7,132.2,131.8,-0.4,131.1,130.2,-0.9
32,38,69,157,30,0.965,True,160.1,123.0,67.7,0.821,11.510464683518919,60,49.0,-11.5,-0.443,146.8,143.4,-3.4,145.1,140.4,-4.7,143.6,139.0,-4.6,142.1,136.8,-5.3,140.7,132.8,-7.9,139.5,128.0,-11.5,138.3,126.8,-11.5
33,38,110,155,15,0.954,True,155.1,126.0,87.1,0.889,4.086484231603777,55,10.6,-0.8,-0.169,146.6,148.0,1.4,145.5,146.0,0.5,144.4,142.8,-1.6,143.4,144.4,1.0,142.4,141.2,-1.2,141.5,137.4,-4.1,140.6,139.8,-0.8
34,38,83,155,22,0.954,True,156.5,146.2,15.2,0.893,14.419513561804479,60,63.1,-14.4,-0.25,147.6,146.0,-1.6,147.2,142.8,-4.4,147.0,140.2,-6.8,146.8,137.0,-9.8,146.6,132.8,-13.8,146.5,134.2,-12.3,146.4,132.0,-14.4
35,38,73,149,15,0.943,True,151.0,117.0,51.3,0.946,5.980196788152739,50,29.6,5.9,0.003,135.9,136.8,0.9,134.2,136.2,2.0,132.6,137.0,4.4,131.1,136.6,5.5,129.8,135.8,6.0,128.6,133.6,5.0,127.5,133.4,5.9
36,39,68,122,17,0.947,True,124.4,107.2,15.2,0.969,4.065369155018487,55,14.2,-2.1,-0.059,109.6,111.4,1.8,108.9,110.8,1.9,108.4,108.6,0.2,108.1,106.4,-1.7,107.8,105.4,-2.4,107.7,103.6,-4.1,107.5,105.4,-2.1
37,39,77,133,20,0.936,True,135.0,101.0,101.0,0.701,9.32471658156524,50,46.8,-6.4,-0.016,126.3,121.4,-4.9,125.0,118.0,-7.0,123.9,118.8,-5.1,122.8,117.0,-5.8,121.7,112.4,-9.3,120.7,112.4,-8.3,119.8,113.4,-6.4
38,39,120,130,16,0.837,True,113.6,144.0,111.1,0.513,6.986344149243095,40,25.1,-2.5,-0.503,120.8,124.0,3.2,121.8,126.8,5.0,122.8,129.8,7.0,123.7,128.8,5.1,124.6,126.6,2.0,125.5,125.0,-0.5,126.3,123.8,-2.5
39,39,120,159,15,0.98,True,153.6,177.0,184.1,0.865,2.1759077920023913,50,9.4,-2.1,-0.02,157.1,156.8,-0.3,157.7,157.6,-0.1,158.2,157.0,-1.2,158.7,157.0,-1.7,159.2,157.0,-2.2,159.7,157.8,-1.9,160.1,158.0,-2.1
41,40,120,140,27,0.965,True,142.4,108.0,50.4,0.944,7.163157541621871,55,22.7,-6.5,-0.37,127.0,128.0,1.0,125.2,127.0,1.8,123.6,124.0,0.4,122.1,121.0,-1.1,120.8,116.0,-4.8,119.6,112.4,-7.2,118.5,112.0,-6.5
42,40,78,153,12,0.848,True,155.1,142.2,8.5,0.94,2.684436805068941,40,12.0,-1.6,-0.272,142.6,144.0,1.4,142.4,144.6,2.2,142.3,145.0,2.7,142.3,144.8,2.5,142.2,143.6,1.4,142.2,142.4,0.2,142.2,140.6,-1.6
43,41,113,121,19,0.765,True,121.6,117.6,9.3,0.924,16.41643585585595,60,49.5,-16.4,-0.846,117.8,118.0,0.2,117.7,117.2,-0.5,117.7,113.4,-4.3,117.6,113.0,-4.6,117.6,109.4,-8.2,117.6,102.4,-15.2,117.6,101.2,-16.4
44,41,111,128,11,0.907,True,129.0,123.8,7.5,0.766,7.213890658156757,60,31.7,-7.2,-0.095,123.9,123.8,-0.1,123.9,122.4,-1.5,123.8,119.0,-4.8,123.8,118.0,-5.8,123.8,118.0,-5.8,123.8,117.4,-6.4,123.8,116.6,-7.2
45,3,70,142,25,0.794,True,145.9,125.4,11.2,0.929,8.579587962783918,55,34.2,-7.9,-0.49,126.8,129.2,2.4,126.3,130.6,4.3,126.0,130.4,4.4,125.8,125.2,-0.6,125.7,119.6,-6.1,125.6,117.0,-8.6,125.5,117.6,-7.9
48,3,104,134,12,0.905,True,134.8,127.9,8.3,0.953,7.164216195216511,50,28.5,-6.2,-0.018,128.1,128.0,-0.1,128.0,128.2,0.2,128.0,125.8,-2.2,128.0,122.2,-5.8,128.0,120.8,-7.2,128.0,121.0,-7.0,128.0,121.8,-6.2
49,4,107,121,18,0.809,True,121.5,117.1,5.0,0.544,13.924020503940781,55,50.8,-13.9,-0.512,117.1,117.2,0.1,117.1,115.0,-2.1,117.1,112.6,-4.5,117.1,110.2,-6.9,117.1,107.8,-9.3,117.1,103.2,-13.9,117.1,103.2,-13.9
50,4,73,125,24,0.971,True,128.9,89.0,50.0,0.937,4.233830427913915,45,16.5,0.2,0.288,110.9,109.2,-1.7,108.8,106.4,-2.4,106.9,102.8,-4.1,105.2,101.0,-4.2,103.7,101.2,-2.5,102.3,101.0,-1.3,101.0,101.2,0.2
51,4,97,121,25,0.98,True,123.5,80.0,43.1,0.975,4.984769428014772,60,13.9,5.0,0.336,101.7,99.8,-1.9,99.3,98.6,-0.7,97.2,97.2,-0.0,95.3,95.2,-0.1,93.6,96.0,2.4,92.1,96.0,3.9,90.8,95.8,5.0
52,4,74,153,22,0.988,True,155.8,120.0,54.0,0.94,1.579869662300382,60,4.9,-1.6,-0.049,140.5,139.8,-0.7,138.7,138.8,0.1,137.1,136.0,-1.1,135.5,135.0,-0.5,134.2,133.4,-0.8,132.9,132.8,-0.1,131.8,130.2,-1.6
53,4,120,164,19,0.966,True,164.8,135.0,109.3,0.799,7.809286803950613,60,32.2,-7.8,-0.287,157.6,155.2,-2.4,156.6,152.8,-3.8,155.7,152.0,-3.7,154.7,151.2,-3.5,153.9,149.2,-4.7,153.0,146.8,-6.2,152.2,144.4,-7.8
54,4,120,166,20,0.99,True,166.6,138.0,84.6,0.982,6.0808433986150305,60,22.1,-6.1,-0.222,158.1,157.6,-0.5,156.9,155.2,-1.7,155.8,153.4,-2.4,154.8,152.0,-2.8,153.8,150.2,-3.6,152.9,148.0,-4.9,152.1,146.0,-6.1
55,5,71,140,23,0.954,True,141.4,110.0,65.7,0.976,9.435184992840902,45,41.9,-6.2,0.243,129.9,129.4,-0.5,128.4,125.0,-3.4,127.1,120.4,-6.7,125.8,116.4,-9.4,124.7,115.6,-9.1,123.6,117.0,-6.6,122.6,116.4,-6.2
56,5,102,153,15,0.862,True,152.8,137.1,300.0,0.384,12.314098784554687,60,48.5,-12.3,-0.344,151.3,150.0,-1.3,151.0,148.4,-2.6,150.8,145.8,-5.0,150.6,143.2,-7.4,150.3,141.6,-8.7,150.1,139.0,-11.1,149.9,137.6,-12.3
57,5,99,164,16,0.954,True,165.2,137.0,126.8,0.765,8.26169322223916,55,37.2,-7.0,-0.133,159.2,157.0,-2.2,158.4,155.2,-3.2,157.6,153.2,-4.4,156.8,151.6,-5.2,156.0,149.0,-7.0,155.3,147.0,-8.3,154.6,147.6,-7.0
58,5,120,169,9,0.979,True,169.5,144.0,150.8,0.909,2.2818940002811416,50,9.4,-1.7,-0.025,164.9,164.0,-0.9,164.2,163.0,-1.2,163.5,163.0,-0.5,162.9,161.8,-1.1,162.3,160.0,-2.3,161.7,160.0,-1.7,161.1,159.4,-1.7
59,5,99,151,15,0.936,True,152.4,119.0,75.9,0.943,3.4456321711570865,45,15.6,1.7,0.345,141.5,139.6,-1.9,140.0,136.6,-3.4,138.7,135.4,-3.3,137.4,134.0,-3.4,136.3,135.2,-1.1,135.2,136.0,0.8,134.1,135.8,1.7
60,43,90,157,11,0.867,True,150.5,145.9,5.3,0.068,11.091931566001563,60,72.8,11.1,0.008,145.9,154.4,8.5,145.9,156.0,10.1,145.9,156.2,10.3,145.9,157.0,11.1,145.9,156.6,10.7,145.9,157.0,11.1,145.9,157.0,11.1
61,43,91,166,17,0.872,True,155.5,165.4,15.6,0.893,0.971345119490536,30,3.1,0.6,0.049,164.0,163.0,-1.0,164.4,164.0,-0.4,164.7,164.0,-0.7,164.9,164.8,-0.1,165.0,165.0,-0.0,165.1,165.6,0.5,165.2,165.8,0.6
62,43,63,170,19,0.947,True,163.9,167.1,7.1,0.933,2.866175068879272,60,7.9,2.9,0.136,167.1,167.0,-0.1,167.1,167.4,0.3,167.1,168.0,0.9,167.1,168.0,0.9,167.1,168.2,1.1,167.1,169.0,1.9,167.1,170.0,2.9
63,43,79,175,20,0.96,True,169.1,172.5,8.2,0.845,2.309768713725788,60,6.0,2.3,0.127,172.4,172.0,-0.4,172.4,172.0,-0.4,172.5,172.2,-0.3,172.5,173.0,0.5,172.5,173.0,0.5,172.5,174.0,1.5,172.5,174.8,2.3
64,43,120,177,13,0.754,True,167.7,171.8,15.3,0.702,5.711452199235197,55,24.2,5.7,0.167,171.2,172.0,0.8,171.4,173.2,1.8,171.5,174.2,2.7,171.6,175.0,3.4,171.6,175.8,4.2,171.7,177.4,5.7,171.7,177.4,5.7
65,44,120,137,9,0.966,True,137.8,111.0,96.4,0.93,2.2429608984487572,60,9.3,2.2,0.065,130.6,131.0,0.4,129.6,131.0,1.4,128.7,130.4,1.7,127.8,129.2,1.4,126.9,127.6,0.7,126.1,127.6,1.5,125.4,127.6,2.2
66,44,120,138,14,0.498,True,133.2,137.6,6.0,0.781,4.631449005142201,45,19.2,-1.6,0.22,137.6,136.4,-1.2,137.6,135.4,-2.2,137.6,134.2,-3.4,137.6,133.0,-4.6,137.6,133.6,-4.0,137.6,135.6,-2.0,137.6,136.0,-1.6
67,6,68,152,30,0.967,True,156.8,106.0,32.6,0.948,8.139125927472207,60,28.8,8.1,0.174,126.2,126.0,-0.2,123.4,125.0,1.6,120.9,124.0,3.1,118.8,124.0,5.2,117.0,122.2,5.2,115.4,120.6,5.2,114.1,122.2,8.1
68,6,61,153,22,0.775,True,153.6,150.2,5.3,0.781,26.007421041589353,50,117.1,-20.2,0.268,150.2,150.2,-0.0,150.2,145.0,-5.2,150.2,131.8,-18.4,150.2,126.4,-23.8,150.2,124.2,-26.0,150.2,126.8,-23.4,150.2,130.0,-20.2
70,6,76,154,15,0.96,True,156.5,122.0,58.7,0.919,3.8813516470861487,55,12.9,3.6,0.229,142.7,142.0,-0.7,141.0,142.0,1.0,139.5,140.8,1.3,138.0,138.4,0.4,136.7,138.8,2.1,135.5,139.4,3.9,134.4,138.0,3.6
72,6,95,165,21,0.923,True,165.8,139.0,114.8,0.892,11.4860934811731,60,37.8,-11.5,-0.5,159.6,158.6,-1.0,158.8,156.8,-2.0,157.9,155.4,-2.5,157.1,153.0,-4.1,156.3,149.4,-6.9,155.6,145.8,-9.8,154.9,143.4,-11.5
73,6,120,166,11,0.955,True,167.1,141.0,126.5,0.841,3.1115299312571096,55,8.8,-2.3,-0.12,161.6,161.4,-0.2,160.8,161.4,0.6,160.0,160.2,0.2,159.3,158.6,-0.7,158.6,156.8,-1.8,157.9,154.8,-3.1,157.3,155.0,-2.3
75,45,117,122,14,0.68,True,123.6,118.9,17.4,0.881,10.49430816594996,60,31.6,-10.5,-0.515,119.8,120.6,0.8,119.6,121.8,2.2,119.4,121.2,1.8,119.3,117.0,-2.3,119.2,112.8,-6.4,119.1,111.6,-7.5,119.1,108.6,-10.5
76,45,96,120,19,0.794,True,120.5,116.2,5.0,0.54,15.449682522483442,60,68.0,-15.4,-0.12,116.3,117.0,0.7,116.3,114.2,-2.1,116.3,108.4,-7.9,116.3,102.8,-13.5,116.2,102.0,-14.2,116.2,102.0,-14.2,116.2,100.8,-15.4
77,45,108,137,15,0.966,True,137.9,105.0,63.8,0.983,4.127434405955853,55,13.5,4.0,0.223,125.5,125.0,-0.5,124.0,123.0,-1.0,122.6,122.0,-0.6,121.2,122.0,0.8,120.0,122.6,2.6,118.9,123.0,4.1,117.8,121.8,4.0
78,45,115,143,17,0.885,True,143.3,118.0,148.1,0.834,8.847294813717156,60,24.9,-8.8,-0.424,138.6,138.0,-0.6,137.9,138.0,0.1,137.3,136.0,-1.3,136.6,133.6,-3.0,136.0,132.4,-3.6,135.4,128.0,-7.4,134.8,126.0,-8.8
79,45,95,150,11,0.685,True,150.9,145.1,5.0,0.856,7.094333094691848,60,21.5,-7.1,-0.38,145.1,145.8,0.7,145.1,146.0,0.9,145.1,145.6,0.5,145.1,143.6,-1.5,145.1,140.8,-4.3,145.1,138.6,-6.5,145.1,138.0,-7.1
81,8,120,105,16,0.947,True,107.1,71.0,54.7,0.937,5.926609942154428,60,27.9,5.9,0.07,91.9,91.8,-0.1,90.1,92.2,2.1,88.4,93.0,4.6,86.9,91.6,4.7,85.5,90.8,5.3,84.2,89.4,5.2,83.1,89.0,5.9
82,8,69,139,18,0.966,True,140.8,108.0,66.9,0.946,4.019251589815553,40,19.8,-0.6,0.216,128.9,127.2,-1.7,127.4,123.4,-4.0,126.0,122.0,-4.0,124.7,120.8,-3.9,123.5,120.4,-3.1,122.4,120.0,-2.4,121.4,120.8,-0.6
83,8,77,137,24,0.952,True,138.7,107.0,72.8,0.863,10.35881386415285,50,52.0,-8.9,-0.016,128.0,127.0,-1.0,126.6,120.8,-5.8,125.3,116.2,-9.1,124.1,116.0,-8.1,123.0,112.6,-10.4,121.9,113.2,-8.7,120.9,112.0,-8.9
84,46,91,137,14,0.631,True,139.6,129.5,7.2,0.835,5.923913400506791,60,12.7,-5.9,-0.535,129.7,129.4,-0.3,129.6,130.6,1.0,129.6,131.0,1.4,129.5,132.0,2.5,129.5,130.8,1.3,129.5,129.2,-0.3,129.5,123.6,-5.9
85,46,108,133,10,0.99,True,134.2,107.0,99.1,0.97,1.7672877134168772,60,5.7,1.8,0.086,127.1,126.6,-0.5,126.1,126.0,-0.1,125.1,125.4,0.3,124.3,124.8,0.5,123.4,124.4,1.0,122.6,124.2,1.6,121.8,123.6,1.8
86,46,113,146,18,0.982,True,147.4,113.0,56.0,0.987,3.0964732604742267,55,11.6,3.0,0.113,133.2,132.8,-0.4,131.4,130.8,-0.6,129.9,129.4,-0.5,128.4,129.6,1.2,127.1,130.0,2.9,125.9,129.0,3.1,124.8,127.8,3.0
87,46,65,144,19,0.964,True,148.1,121.3,15.1,0.946,3.604096506021591,60,11.2,3.6,0.077,125.0,125.2,0.2,123.9,126.0,2.1,123.2,125.4,2.2,122.6,124.6,2.0,122.3,123.2,0.9,122.0,121.8,-0.2,121.8,125.4,3.6
88,9,86,167,25,0.974,True,168.5,135.0,75.7,0.926,8.771952499637962,60,46.0,-8.8,-0.046,157.5,155.2,-2.3,156.1,151.8,-4.3,154.8,148.4,-6.4,153.5,145.6,-7.9,152.3,144.0,-8.3,151.2,143.2,-8.0,150.2,141.4,-8.8
89,9,75,160,10,0.888,True,161.6,131.0,84.8,0.869,3.8979245526279556,60,14.8,3.9,0.311,152.5,150.6,-1.9,151.3,148.6,-2.7,150.1,148.0,-2.1,149.0,148.2,-0.8,148.0,149.0,1.0,147.0,149.4,2.4,146.1,150.0,3.9
90,9,120,152,13,0.908,True,153.0,129.0,225.2,0.701,7.797748913162593,60,39.6,-7.8,-0.02,150.0,148.6,-1.4,149.6,145.6,-4.0,149.1,143.0,-6.1,148.7,141.2,-7.5,148.2,141.8,-6.4,147.8,141.4,-6.4,147.4,139.6,-7.8
91,47,86,125,13,0.941,True,125.1,100.0,217.2,0.675,7.073327006449944,60,27.2,-7.1,-0.205,121.9,120.4,-1.5,121.4,119.0,-2.4,120.9,117.4,-3.5,120.4,116.6,-3.8,120.0,115.8,-4.2,119.5,114.8,-4.7,119.1,112.0,-7.1
92,47,105,121,13,0.88,True,123.3,114.2,5.2,0.882,6.9799261574342495,50,28.7,-6.0,-0.092,114.2,114.0,-0.2,114.2,111.4,-2.8,114.2,111.8,-2.4,114.2,110.0,-4.2,114.2,107.2,-7.0,114.2,108.0,-6.2,114.2,108.2,-6.0
93,47,80,130,17,0.886,True,131.7,101.0,106.8,0.75,8.151167538192652,45,37.3,-4.7,0.252,124.2,120.6,-3.6,123.1,118.4,-4.7,122.1,114.2,-7.9,121.2,113.0,-8.2,120.2,115.0,-5.2,119.4,116.4,-3.0,118.5,113.8,-4.7
94,47,102,141,18,0.979,True,142.5,109.0,58.0,0.906,1.3162753999498449,60,5.0,1.3,0.042,128.9,129.6,0.7,127.3,127.2,-0.1,125.8,126.0,0.2,124.4,125.0,0.6,123.1,124.2,1.1,122.0,123.0,1.0,120.9,122.2,1.3
95,47,110,141,16,0.979,True,142.7,109.6,39.8,0.985,8.089567191607102,60,28.9,8.1,0.316,125.2,126.0,0.8,123.3,125.8,2.5,121.7,124.4,2.7,120.3,124.0,3.7,119.0,123.2,4.2,117.9,124.8,6.9,116.9,125.0,8.1
96,47,87,144,11,0.93,True,145.8,114.0,76.2,0.899,4.527609126644052,55,14.8,3.7,0.174,135.5,133.8,-1.7,134.1,134.0,-0.1,132.8,133.4,0.6,131.6,133.0,1.4,130.5,133.4,2.9,129.5,134.0,4.5,128.5,132.2,3.7
97,47,118,163,18,0.804,True,163.2,141.1,300.0,0.751,14.226185852090595,60,47.7,-14.2,-0.53,161.1,160.4,-0.7,160.8,159.8,-1.0,160.5,157.6,-2.9,160.2,153.8,-6.4,159.8,150.0,-9.8,159.5,146.8,-12.7,159.2,145.0,-14.2
100,47,66,161,21,0.968,True,163.0,129.0,76.1,0.869,8.280437498757834,55,39.7,-4.4,0.084,151.9,149.0,-2.9,150.4,145.6,-4.8,149.1,142.8,-6.3,147.8,141.4,-6.4,146.6,140.0,-6.6,145.5,137.2,-8.3,144.4,140.0,-4.4
101,47,94,168,24,0.958,True,169.4,139.0,88.0,0.935,11.398164265863613,60,53.2,-11.4,-0.201,160.7,159.2,-1.5,159.5,155.6,-3.9,158.3,151.6,-6.7,157.3,148.8,-8.5,156.3,146.2,-10.1,155.3,144.0,-11.3,154.4,143.0,-11.4
102,47,120,163,17,0.893,True,163.8,138.0,130.4,0.874,8.4959798851458,60,27.1,-8.5,-0.376,158.5,158.2,-0.3,157.7,158.0,0.3,157.0,155.8,-1.2,156.3,153.2,-3.1,155.6,150.0,-5.6,154.9,146.8,-8.1,154.3,145.8,-8.5
103,47,120,166,15,0.985,True,167.8,137.0,72.5,0.942,2.6469951373584024,50,10.0,-0.1,0.106,157.4,156.6,-0.8,156.0,154.6,-1.4,154.7,153.8,-0.9,153.6,151.8,-1.8,152.4,149.8,-2.6,151.4,149.0,-2.4,150.5,150.4,-0.1
104,10,114,115,9,0.948,True,116.0,90.0,116.8,0.853,2.2875042036266393,40,6.7,-0.2,-0.03,110.1,110.4,0.3,109.3,107.2,-2.1,108.5,106.2,-2.3,107.7,107.8,0.1,107.0,106.4,-0.6,106.3,105.0,-1.3,105.6,105.4,-0.2
106,10,100,140,13,0.866,True,140.2,115.0,136.6,0.959,4.653392394239461,60,12.2,-4.7,-0.394,135.2,135.2,-0.0,134.5,134.8,0.3,133.8,135.6,1.8,133.1,134.4,1.3,132.5,131.4,-1.1,131.9,128.8,-3.1,131.3,126.6,-4.7
107,10,65,140,22,0.979,True,142.5,99.0,38.7,0.988,9.973812450726498,60,29.6,10.0,0.431,119.0,119.2,0.2,116.6,118.6,2.0,114.5,117.8,3.3,112.6,116.2,3.6,110.9,115.0,4.1,109.5,116.0,6.5,108.2,118.2,10.0
108,10,92,149,20,0.994,True,150.9,119.0,68.0,0.981,3.1853807005147985,55,13.9,-3.2,-0.019,139.5,139.2,-0.3,138.0,138.0,-0.0,136.7,135.2,-1.5,135.4,132.4,-3.0,134.3,131.6,-2.7,133.2,130.0,-3.2,132.2,129.0,-3.2
109,10,85,162,20,0.962,True,163.9,133.0,72.8,0.969,5.130052276774791,55,15.2,-4.6,-0.293,153.5,153.4,-0.1,152.1,153.0,0.9,150.9,151.8,0.9,149.7,149.4,-0.3,148.6,145.2,-3.4,147.5,142.4,-5.1,146.6,142.0,-4.6
110,10,94,163,19,0.908,True,163.6,138.0,166.6,0.835,12.674629226929852,60,40.8,-12.7,-0.492,159.4,158.4,-1.0,158.8,156.6,-2.2,158.2,154.4,-3.8,157.6,152.0,-5.6,157.0,150.8,-6.2,156.4,147.0,-9.4,155.9,143.2,-12.7
111,10,97,166,22,0.959,True,168.4,136.0,73.1,0.885,6.074426805423201,60,12.0,-6.1,-0.435,157.5,156.2,-1.3,156.1,156.0,-0.1,154.8,155.6,0.8,153.5,153.8,0.3,152.4,152.0,-0.4,151.3,148.2,-3.1,150.3,144.2,-6.1
113,11,93,127,24,0.975,True,129.1,106.4,23.5,0.973,5.167364366404797,60,12.4,-5.2,-0.363,112.7,112.0,-0.7,111.5,111.0,-0.5,110.5,111.0,0.5,109.7,109.8,0.1,109.1,107.6,-1.5,108.6,104.6,-4.0,108.2,103.0,-5.2
114,11,80,139,18,0.803,True,140.6,134.5,6.1,0.795,14.057990354194118,60,40.7,-14.1,-0.676,134.5,135.4,0.9,134.5,134.0,-0.5,134.5,132.0,-2.5,134.5,130.2,-4.3,134.5,127.4,-7.1,134.5,123.0,-11.5,134.5,120.4,-14.1
115,11,63,147,29,0.956,True,149.9,110.0,50.5,0.94,12.15252626707958,45,51.7,-4.8,0.496,132.0,130.2,-1.8,129.9,125.6,-4.3,128.1,119.6,-8.5,126.4,114.2,-12.2,124.8,113.4,-11.4,123.4,114.6,-8.8,122.2,117.4,-4.8
116,11,120,152,25,0.989,True,154.9,113.0,41.4,0.977,3.3690521286088426,60,12.4,3.4,0.058,133.3,133.0,-0.3,131.0,131.8,0.8,128.9,130.0,1.1,127.1,129.0,1.9,125.5,128.8,3.3,124.1,125.8,1.7,122.8,126.2,3.4
117,11,120,162,26,0.985,True,163.8,130.0,68.4,0.946,8.872079907972278,60,35.8,-8.9,-0.29,151.8,150.6,-1.2,150.3,147.4,-2.9,148.8,145.0,-3.8,147.5,142.8,-4.7,146.3,140.2,-6.1,145.1,137.0,-8.1,144.1,135.2,-8.9
118,11,66,137,13,0.954,True,138.0,107.0,82.5,0.907,2.9054789674665074,40,10.6,2.0,0.035,128.6,127.4,-1.2,127.3,127.8,0.5,126.1,129.0,2.9,125.0,126.6,1.6,123.9,124.8,0.9,122.9,124.4,1.5,122.0,124.0,2.0
119,48,119,167,12,0.925,True,167.4,139.0,142.3,0.746,4.678389139971728,45,26.1,-3.2,0.102,162.0,159.4,-2.6,161.2,157.2,-4.0,160.4,156.0,-4.4,159.7,155.0,-4.7,159.0,155.0,-4.0,158.3,155.0,-3.3,157.6,154.4,-3.2
120,48,96,169,21,0.842,True,169.3,166.2,16.5,0.62,18.48144526051172,60,63.5,-18.5,-0.664,166.7,165.8,-0.9,166.6,164.0,-2.6,166.5,161.0,-5.5,166.4,158.0,-8.4,166.3,154.0,-12.3,166.3,151.0,-15.3,166.3,147.8,-18.5
121,48,120,166,9,0.761,True,167.3,161.1,11.7,0.608,4.183220675535949,55,17.5,-4.0,-0.122,161.6,162.6,1.0,161.4,163.0,1.6,161.3,162.2,0.9,161.3,159.2,-2.1,161.2,157.4,-3.8,161.2,157.0,-4.2,161.2,157.2,-4.0
122,48,120,165,20,0.982,True,166.1,137.0,85.9,0.944,7.063114327455764,60,27.0,-7.1,-0.232,157.5,157.0,-0.5,156.3,154.6,-1.7,155.3,151.4,-3.9,154.2,150.6,-3.6,153.2,148.8,-4.4,152.3,146.6,-5.7,151.5,144.4,-7.1
123,48,88,165,21,0.93,True,166.0,139.0,123.2,0.884,12.01216671365674,60,47.2,-12.0,-0.325,160.2,159.0,-1.2,159.4,156.8,-2.6,158.5,153.6,-4.9,157.8,150.6,-7.2,157.0,148.2,-8.8,156.3,145.8,-10.5,155.6,143.6,-12.0
124,12,120,112,20,0.619,True,114.9,102.9,5.9,0.887,10.680353772795925,60,23.4,-10.7,-0.796,103.0,104.0,1.0,102.9,104.0,1.1,102.9,104.2,1.3,102.9,103.8,0.9,102.9,101.2,-1.7,102.9,96.2,-6.7,102.9,92.2,-10.7
126,12,120,149,13,0.891,True,151.8,114.0,56.4,0.916,8.572280694121602,60,34.9,8.6,0.193,136.2,134.4,-1.8,134.3,135.2,0.9,132.6,137.0,4.4,131.0,136.6,5.6,129.6,136.0,6.4,128.2,135.4,7.2,127.0,135.6,8.6
127,12,112,152,16,0.886,True,153.3,123.0,72.1,0.933,4.764771479715392,45,18.2,-0.4,-0.337,143.0,143.8,0.8,141.7,144.0,2.3,140.4,144.0,3.6,139.2,144.0,4.8,138.1,142.0,3.9,137.1,139.6,2.5,136.2,135.8,-0.4
128,13,93,109,10,0.927,True,109.6,85.0,206.7,0.839,5.075899831829787,40,28.9,-4.8,-0.004,106.3,105.2,-1.1,105.8,102.2,-3.6,105.3,100.2,-5.1,104.8,100.0,-4.8,104.3,99.6,-4.7,103.9,99.0,-4.9,103.4,98.6,-4.8
130,13,107,133,16,0.988,True,134.1,105.0,77.8,0.946,1.5572737737794142,55,4.8,-1.5,-0.141,124.8,124.8,0.0,123.6,123.0,-0.6,122.4,122.0,-0.4,121.3,121.8,0.5,120.3,120.0,-0.3,119.4,117.8,-1.6,118.5,117.0,-1.5
132,13,64,137,18,0.893,True,137.7,107.0,102.9,0.756,12.612291863014889,45,62.1,-5.9,0.435,129.9,126.8,-3.1,128.8,122.0,-6.8,127.8,116.2,-11.6,126.8,114.2,-12.6,125.9,114.0,-11.9,125.0,114.8,-10.2,124.1,118.2,-5.9
133,13,65,162,12,0.875,True,162.2,155.7,38.7,0.838,11.318641536430505,50,50.6,-7.9,0.183,158.7,157.8,-0.9,158.4,155.0,-3.4,158.0,151.6,-6.4,157.8,147.2,-10.6,157.5,146.2,-11.3,157.3,147.2,-10.1,157.1,149.2,-7.9
134,13,120,146,18,0.964,True,149.2,118.5,25.8,0.959,6.486545191867975,60,29.0,6.5,0.157,128.1,129.6,1.5,126.4,129.0,2.6,125.0,128.4,3.4,123.9,128.0,4.1,122.9,128.0,5.1,122.2,128.0,5.8,121.5,128.0,6.5
135,50,63,132,24,0.874,True,134.7,122.7,11.0,0.859,21.958340763206365,55,68.7,-17.3,-0.714,123.5,124.2,0.7,123.2,122.0,-1.2,123.0,117.2,-5.8,122.9,114.6,-8.3,122.8,109.4,-13.4,122.8,100.8,-22.0,122.7,105.4,-17.3
136,50,83,121,13,0.896,True,121.2,98.7,146.5,0.918,6.312583555557026,55,18.1,-5.6,-0.297,117.0,116.8,-0.2,116.4,116.0,-0.4,115.8,116.0,0.2,115.2,113.8,-1.4,114.6,110.6,-4.0,114.1,107.8,-6.3,113.6,108.0,-5.6
137,50,74,153,31,0.944,True,154.5,124.0,96.5,0.838,18.58250482845024,60,84.5,-18.6,-0.372,146.4,143.4,-3.0,145.2,138.0,-7.2,144.2,133.8,-10.4,143.1,130.0,-13.1,142.2,127.2,-15.0,141.3,124.0,-17.3,140.4,121.8,-18.6
138,50,120,164,13,0.901,True,165.1,136.0,98.9,0.869,5.586313108836265,40,21.9,-1.0,0.297,157.5,156.0,-1.5,156.4,153.0,-3.4,155.4,149.8,-5.6,154.4,149.0,-5.4,153.5,150.2,-3.3,152.7,151.0,-1.7,151.8,150.8,-1.0
139,50,63,167,24,0.912,True,168.7,139.0,104.1,0.846,18.286511257445,55,81.2,-14.5,-0.032,161.2,159.2,-2.0,160.2,155.0,-5.2,159.2,150.0,-9.2,158.3,144.2,-14.1,157.3,139.4,-17.9,156.5,138.2,-18.3,155.7,141.2,-14.5
140,14,118,120,14,0.961,True,121.6,92.0,90.0,0.902,5.170732471054819,50,15.2,-1.8,0.064,113.2,112.8,-0.4,112.0,112.0,-0.0,111.0,110.0,-1.0,109.9,107.4,-2.5,109.0,103.8,-5.2,108.1,103.8,-4.3,107.2,105.4,-1.8
143,14,67,142,12,0.919,True,142.3,115.0,118.1,0.932,6.238445798980393,45,27.5,-1.8,0.3,136.2,135.2,-1.0,135.3,132.0,-3.3,134.4,129.2,-5.2,133.6,127.4,-6.2,132.9,127.0,-5.9,132.1,128.0,-4.1,131.4,129.6,-1.8
144,15,88,120,20,0.95,True,121.7,90.0,72.8,0.944,7.958530200055307,50,31.2,-3.9,0.288,111.0,110.2,-0.8,109.6,108.8,-0.8,108.3,104.0,-4.3,107.1,99.2,-7.9,106.0,98.0,-8.0,104.9,99.4,-5.5,103.9,100.0,-3.9
146,15,95,129,19,0.954,True,130.4,103.0,92.7,0.974,7.36704166176321,60,23.2,-7.4,-0.344,122.9,123.0,0.1,121.8,121.2,-0.6,120.8,119.6,-1.2,119.9,117.4,-2.5,119.0,114.6,-4.4,118.2,111.2,-7.0,117.4,110.0,-7.4
148,15,120,136,21,0.988,True,136.9,116.1,34.7,0.966,6.038272988362166,50,24.9,-5.4,-0.056,124.9,124.6,-0.3,123.7,122.4,-1.3,122.7,120.2,-2.5,121.8,117.6,-4.2,121.0,115.0,-6.0,120.4,115.2,-5.2,119.8,114.4,-5.4
151,15,120,167,20,0.918,True,168.1,149.1,65.0,0.928,10.405701251851951,60,30.5,-10.4,-0.517,161.0,161.4,0.4,160.1,159.0,-1.1,159.3,158.2,-1.1,158.6,155.8,-2.8,157.9,152.0,-5.9,157.2,148.4,-8.8,156.6,146.2,-10.4
153,15,81,155,9,0.83,True,155.0,151.8,21.1,0.551,6.903369319468766,40,34.9,-6.2,-0.023,152.6,151.2,-1.4,152.4,148.0,-4.4,152.3,145.4,-6.9,152.2,146.4,-5.8,152.1,147.0,-5.1,152.1,147.0,-5.1,152.0,145.8,-6.2
154,51,90,162,21,0.86,True,162.2,156.2,27.7,0.758,16.506053093230918,60,49.1,-16.5,-0.675,158.2,157.4,-0.8,157.9,156.2,-1.7,157.6,154.2,-3.4,157.4,150.8,-6.6,157.2,149.2,-8.0,157.0,145.0,-12.0,156.9,140.4,-16.5
155,51,120,162,18,0.923,True,156.2,151.3,15.6,0.78,11.185019025833839,60,25.3,11.2,0.663,152.0,153.0,1.0,151.8,153.0,1.2,151.7,153.0,1.3,151.6,153.0,1.4,151.5,154.2,2.7,151.5,158.0,6.5,151.4,162.6,11.2
156,51,100,158,13,0.978,True,153.3,162.6,300.0,0.123,2.7960816028214595,60,6.3,2.8,0.23,154.2,155.0,0.8,154.3,154.0,-0.3,154.5,154.0,-0.5,154.6,154.0,-0.6,154.7,154.6,-0.1,154.9,156.0,1.1,155.0,157.8,2.8
157,51,120,158,18,0.975,True,152.0,154.9,14.1,0.702,3.7886147144083964,60,17.3,3.8,0.139,154.5,155.6,1.1,154.6,157.0,2.4,154.7,156.8,2.1,154.7,156.2,1.5,154.8,158.0,3.2,154.8,158.0,3.2,154.8,158.6,3.8
158,16,90,114,9,0.865,True,115.8,101.9,14.7,0.979,4.770972008243675,55,23.2,3.3,-0.0,103.7,104.4,0.7,103.2,106.0,2.8,102.8,106.8,4.0,102.6,106.0,3.4,102.4,106.6,4.2,102.2,107.0,4.8,102.1,105.4,3.3
159,52,112,117,18,0.889,True,118.7,113.7,5.0,0.434,15.480900601282187,50,74.4,-13.9,-0.048,113.7,110.6,-3.1,113.7,107.6,-6.1,113.7,104.8,-8.9,113.7,101.0,-12.7,113.7,98.2,-15.5,113.7,99.4,-14.3,113.7,99.8,-13.9
161,52,66,117,13,0.873,True,118.4,111.5,7.2,0.873,10.138124612255197,45,48.7,-7.7,0.137,111.6,110.8,-0.8,111.6,106.2,-5.4,111.6,102.8,-8.8,111.5,101.4,-10.1,111.5,103.8,-7.7,111.5,103.4,-8.1,111.5,103.8,-7.7
162,52,71,122,19,0.875,True,123.6,110.5,34.5,0.914,10.76410304300785,55,30.2,-9.8,-0.577,116.0,116.4,0.4,115.2,116.0,0.8,114.6,114.2,-0.4,114.1,112.4,-1.7,113.6,107.2,-6.4,113.2,102.4,-10.8,112.8,103.0,-9.8
163,17,105,106,10,0.898,True,107.6,77.0,83.0,0.856,3.8159213539905465,55,14.7,3.5,0.216,98.3,97.0,-1.3,97.1,95.0,-2.1,95.9,97.0,1.1,94.8,95.2,0.4,93.8,96.2,2.4,92.8,96.6,3.8,91.9,95.4,3.5
164,17,64,132,9,0.92,True,133.3,105.0,93.5,0.95,3.275725081179033,45,13.7,3.1,0.429,125.5,125.0,-0.5,124.4,122.8,-1.6,123.4,120.8,-2.6,122.5,119.2,-3.3,121.6,119.2,-2.4,120.7,120.6,-0.1,119.9,123.0,3.1
165,17,120,139,17,0.913,True,142.0,116.6,30.5,0.948,5.842179967500144,50,25.1,2.0,-0.234,126.1,127.4,1.3,124.7,127.0,2.3,123.5,127.6,4.1,122.4,127.8,5.4,121.6,127.4,5.8,120.8,125.0,4.2,120.2,122.2,2.0
166,17,104,155,13,0.813,True,156.3,150.8,6.6,0.936,8.968520256860614,60,24.1,-9.0,-0.308,150.8,151.0,0.2,150.8,151.4,0.6,150.8,150.8,0.0,150.8,147.2,-3.6,150.8,145.0,-5.8,150.8,145.8,-5.0,150.8,141.8,-9.0
168,17,86,152,11,0.559,True,152.6,149.0,5.0,0.584,8.209216935145037,60,25.2,-8.2,-0.384,149.0,149.6,0.6,149.0,151.2,2.2,149.0,150.2,1.2,149.0,146.8,-2.2,149.0,144.2,-4.8,149.0,143.0,-6.0,149.0,140.8,-8.2
169,17,67,165,21,0.985,True,167.5,130.0,53.7,0.96,2.671653172686405,55,7.6,0.9,-0.005,151.5,150.0,-1.5,149.5,148.2,-1.3,147.8,147.8,-0.0,146.2,146.6,0.4,144.8,144.0,-0.8,143.5,140.8,-2.7,142.3,143.2,0.9
170,18,120,128,11,0.982,True,129.2,101.0,82.8,0.963,1.6150598383268857,40,6.4,1.5,0.049,120.6,120.6,-0.0,119.5,120.0,0.5,118.4,120.0,1.6,117.4,118.6,1.2,116.4,116.4,-0.0,115.5,117.0,1.5,114.7,116.2,1.5
172,18,120,169,15,0.98,True,170.1,142.0,91.3,0.941,4.173403676397811,55,13.8,-3.2,-0.087,162.2,162.0,-0.2,161.1,161.0,-0.1,160.1,159.4,-0.7,159.2,157.2,-2.0,158.2,154.8,-3.4,157.4,153.2,-4.2,156.6,153.4,-3.2
173,19,120,138,28,0.975,True,142.0,98.0,42.2,0.961,3.8658669046490672,40,11.6,1.8,0.154,119.6,118.0,-1.6,117.2,114.4,-2.8,115.1,111.2,-3.9,113.2,112.2,-1.0,111.5,112.0,0.5,110.0,110.0,0.0,108.6,110.4,1.8
174,19,105,152,18,0.952,True,153.8,122.0,63.3,0.946,3.0889825368593904,40,14.5,-0.3,-0.18,141.8,142.0,0.2,140.3,142.6,2.3,138.9,142.0,3.1,137.6,140.4,2.8,136.4,139.2,2.8,135.3,138.4,3.1,134.3,134.0,-0.3
175,19,69,145,25,0.965,True,148.8,106.0,44.5,0.934,3.7955929825688344,40,13.9,2.5,-0.027,127.8,126.2,-1.6,125.5,127.2,1.7,123.4,127.2,3.8,121.6,124.4,2.8,119.9,120.8,0.9,118.4,119.0,0.6,117.1,119.6,2.5
176,19,120,152,17,0.736,True,151.9,151.2,5.0,0.131,16.60610374899923,60,55.8,-16.6,-0.628,151.2,150.6,-0.6,151.2,149.4,-1.8,151.2,147.6,-3.6,151.2,144.0,-7.2,151.2,139.8,-11.4,151.2,136.6,-14.6,151.2,134.6,-16.6
177,19,74,155,32,0.899,True,156.0,128.0,113.0,0.854,21.875155799689054,60,76.4,-21.9,-0.728,149.5,147.6,-1.9,148.6,143.4,-5.2,147.7,141.0,-6.7,146.8,136.0,-10.8,146.0,132.6,-13.4,145.2,128.6,-16.6,144.5,122.6,-21.9
178,19,63,159,21,0.948,True,161.6,123.0,54.6,0.899,6.836153454321277,50,19.0,1.9,0.271,145.3,143.0,-2.3,143.3,143.8,0.5,141.5,143.0,1.5,139.9,138.2,-1.7,138.4,131.6,-6.8,137.1,132.8,-4.3,135.9,137.8,1.9
180,20,78,122,16,0.964,True,122.7,95.0,106.8,0.965,5.253281203090182,40,27.8,-4.8,0.023,115.9,115.2,-0.7,115.0,112.2,-2.8,114.1,108.8,-5.3,113.2,108.2,-5.0,112.4,107.4,-5.0,111.6,107.2,-4.4,110.8,106.0,-4.8
182,20,79,169,18,0.865,True,169.4,165.7,9.1,0.73,15.142254006972479,60,48.7,-15.1,-0.643,165.9,164.4,-1.5,165.8,163.0,-2.8,165.8,161.8,-4.0,165.8,160.2,-5.6,165.8,157.6,-8.2,165.7,154.2,-11.5,165.7,150.6,-15.1
183,20,106,171,13,0.936,True,172.0,147.0,142.9,0.914,5.401236266813754,60,17.8,-5.4,-0.155,167.2,167.0,-0.2,166.5,166.8,0.3,165.9,165.2,-0.7,165.2,162.2,-3.0,164.6,160.8,-3.8,164.0,159.6,-4.4,163.4,158.0,-5.4
184,20,99,169,10,0.86,True,170.3,142.0,129.6,0.792,4.968321395933117,35,15.0,-0.8,-0.055,164.4,161.8,-2.6,163.6,158.6,-5.0,162.8,160.0,-2.8,162.0,162.4,0.4,161.2,159.0,-2.2,160.5,159.2,-1.3,159.8,159.0,-0.8
185,20,120,163,9,0.761,True,166.0,156.6,5.1,0.878,2.6344071131799467,55,8.5,-2.6,-0.172,156.7,156.4,-0.3,156.6,157.8,1.2,156.6,157.0,0.4,156.6,156.4,-0.2,156.6,155.4,-1.2,156.6,154.0,-2.6,156.6,154.0,-2.6
186,53,82,151,19,0.816,True,153.4,146.5,5.0,0.744,15.28937404490955,55,58.6,-14.5,-0.376,146.5,147.0,0.5,146.5,145.8,-0.7,146.5,141.0,-5.5,146.5,137.6,-8.9,146.5,133.2,-13.3,146.5,131.2,-15.3,146.5,132.0,-14.5
187,53,104,149,34,0.965,True,151.4,116.0,63.8,0.909,14.846326925423796,60,54.9,-14.8,-0.667,138.2,135.8,-2.4,136.5,132.2,-4.3,134.9,129.2,-5.7,133.5,128.2,-5.3,132.2,123.4,-8.8,131.0,117.4,-13.6,129.8,115.0,-14.8
188,53,118,162,14,0.778,True,161.8,137.0,202.6,0.538,7.052145379309366,60,14.5,-7.1,-0.505,158.4,157.2,-1.2,157.9,156.8,-1.1,157.4,155.6,-1.8,156.9,157.2,0.3,156.4,156.6,0.2,155.9,153.0,-2.9,155.5,148.4,-7.1
190,53,82,162,29,0.924,True,163.6,154.9,17.2,0.949,21.349790602966323,60,86.6,-21.3,-0.476,156.4,155.4,-1.0,156.0,151.0,-5.0,155.7,145.4,-10.3,155.5,141.4,-14.1,155.4,139.0,-16.4,155.2,136.8,-18.4,155.1,133.8,-21.3
191,53,91,162,11,0.93,True,164.4,130.0,54.7,0.955,9.515848650904303,60,32.1,9.5,0.301,149.9,150.0,0.1,148.1,149.6,1.5,146.6,149.0,2.4,145.1,150.0,4.9,143.8,150.0,6.2,142.6,150.0,7.4,141.5,151.0,9.5
192,53,67,164,10,0.905,True,165.9,138.0,121.1,0.785,4.6600966172539415,45,22.5,-1.0,0.258,159.8,157.8,-2.0,158.9,155.4,-3.5,158.1,153.8,-4.3,157.3,152.6,-4.7,156.5,152.0,-4.5,155.7,153.2,-2.5,155.0,154.0,-1.0
193,54,120,116,14,0.96,True,118.5,86.0,71.1,0.875,1.5681394845549619,45,6.6,1.4,0.007,107.3,106.2,-1.1,105.8,104.8,-1.0,104.5,104.6,0.1,103.2,104.8,1.6,102.1,102.4,0.3,101.0,102.0,1.0,100.0,101.4,1.4
195,54,78,122,15,0.973,True,124.4,91.0,54.4,0.936,4.9253540867090635,60,16.9,4.9,0.175,110.2,110.6,0.4,108.5,109.8,1.3,107.0,108.4,1.4,105.6,108.0,2.4,104.3,107.0,2.7,103.1,107.0,3.9,102.1,107.0,4.9
196,54,68,128,18,0.912,True,133.2,91.0,37.8,0.882,10.570564905178372,60,38.0,10.6,0.328,110.1,110.6,0.5,107.7,109.8,2.1,105.6,110.0,4.4,103.8,109.4,5.6,102.2,109.0,6.8,100.8,109.0,8.2,99.6,110.2,10.6
197,54,104,138,23,0.97,True,141.3,105.0,60.9,0.899,5.006886616731208,40,26.9,-3.1,0.144,127.2,124.8,-2.4,125.4,122.0,-3.4,123.8,118.8,-5.0,122.3,117.4,-4.9,121.0,116.0,-5.0,119.7,116.6,-3.1,118.5,115.4,-3.1
198,54,69,137,21,0.967,True,139.2,106.0,70.6,0.925,5.840728963585391,55,16.9,-3.6,-0.204,127.7,126.2,-1.5,126.2,126.0,-0.2,124.8,125.6,0.8,123.6,122.8,-0.8,122.4,118.2,-4.2,121.2,115.4,-5.8,120.2,116.6,-3.6
200,54,68,137,28,0.967,True,141.8,93.0,40.0,0.95,4.901865481046087,60,16.2,4.9,0.414,116.1,113.4,-2.7,113.4,110.2,-3.2,111.0,109.0,-2.0,108.9,107.6,-1.3,107.0,106.6,-0.4,105.3,107.2,1.9,103.9,108.8,4.9
201,54,82,144,23,0.925,True,147.2,113.5,30.0,0.961,8.334077866535026,50,36.1,2.5,-0.291,125.9,128.0,2.1,124.0,127.6,3.6,122.4,127.0,4.6,121.0,128.2,7.2,119.9,128.2,8.3,118.9,126.6,7.7,118.1,120.6,2.5
203,54,100,159,19,0.937,True,162.7,124.0,54.6,0.811,3.0807394901617613,60,13.7,3.1,0.412,146.4,144.2,-2.2,144.4,143.0,-1.4,142.6,141.4,-1.2,141.0,138.2,-2.8,139.5,137.4,-2.1,138.2,139.0,0.8,136.9,140.0,3.1
206,21,78,111,13,0.963,True,113.1,85.0,92.3,0.876,3.1987827185111257,40,14.6,-1.9,0.02,105.3,104.4,-0.9,104.2,101.8,-2.4,103.2,100.0,-3.2,102.2,100.0,-2.2,101.3,99.4,-1.9,100.5,98.4,-2.1,99.7,97.8,-1.9
208,21,78,147,11,0.856,True,148.3,134.8,29.8,0.907,3.6368610830687658,45,9.2,-0.8,-0.301,139.7,139.0,-0.7,139.0,138.6,-0.4,138.3,140.2,1.9,137.8,141.4,3.6,137.3,138.0,0.7,136.9,135.8,-1.1,136.6,135.8,-0.8
210,21,82,144,46,0.963,True,150.7,96.0,39.3,0.864,13.223729378220668,45,78.3,-10.7,0.184,121.5,115.2,-6.3,118.5,108.2,-10.3,115.8,102.6,-13.2,113.4,100.2,-13.2,111.3,98.2,-13.1,109.5,98.0,-11.5,107.9,97.2,-10.7
212,21,120,150,14,0.909,True,149.6,124.0,230.1,0.382,8.583038590474558,55,42.9,-8.1,-0.163,146.5,144.2,-2.3,146.0,140.6,-5.4,145.5,139.8,-5.7,145.1,139.0,-6.1,144.6,138.0,-6.6,144.2,135.6,-8.6,143.7,135.6,-8.1
213,22,60,118,14,0.928,True,119.8,88.0,58.6,0.974,4.570980176789277,60,13.9,4.6,0.506,107.1,108.0,0.9,105.5,107.8,2.3,104.1,104.0,-0.1,102.8,100.0,-2.8,101.6,100.4,-1.2,100.4,102.6,2.2,99.4,104.0,4.6
216,55,113,128,23,0.975,True,131.6,88.0,37.5,0.968,7.39081489550891,60,33.3,7.4,0.141,107.6,108.2,0.6,105.2,108.0,2.8,103.0,107.4,4.4,101.1,106.6,5.5,99.5,105.2,5.7,98.1,105.0,6.9,96.8,104.2,7.4
217,55,90,125,17,0.907,True,126.3,117.5,9.1,0.797,10.547037025593681,60,58.7,-10.5,-0.129,117.9,116.0,-1.9,117.7,110.2,-7.5,117.6,107.2,-10.4,117.6,109.0,-8.6,117.6,108.0,-9.6,117.6,107.4,-10.2,117.5,107.0,-10.5
218,55,78,128,10,0.905,True,128.5,102.0,108.5,0.897,2.4043065799914416,35,8.6,0.2,0.075,122.1,123.4,1.3,121.2,123.6,2.4,120.3,120.0,-0.3,119.5,118.6,-0.9,118.7,120.2,1.5,118.0,120.0,2.0,117.2,117.4,0.2
219,55,70,140,17,0.962,True,141.4,110.0,62.8,0.956,2.82184438432742,35,11.1,0.3,-0.151,129.5,130.8,1.3,128.0,130.8,2.8,126.6,128.8,2.2,125.3,127.4,2.1,124.2,125.6,1.4,123.1,122.2,-0.9,122.1,122.4,0.3
220,55,68,144,14,0.96,True,145.6,114.0,70.7,0.944,2.4888914092600913,60,10.5,2.5,0.301,134.7,133.6,-1.1,133.2,132.2,-1.0,131.9,130.6,-1.3,130.7,129.2,-1.5,129.6,127.2,-2.4,128.5,129.2,0.7,127.5,130.0,2.5
221,55,101,135,12,0.908,True,136.6,105.0,85.3,0.954,4.584999143466206,35,15.6,2.3,0.265,127.3,125.2,-2.1,126.0,121.4,-4.6,124.8,121.0,-3.8,123.7,122.0,-1.7,122.6,122.0,-0.6,121.6,122.2,0.6,120.7,123.0,2.3
222,23,91,171,13,0.731,True,171.5,168.9,5.0,0.783,11.701568162024756,60,31.9,-11.7,-0.652,168.9,168.2,-0.7,168.9,166.6,-2.3,168.9,167.4,-1.5,168.9,166.8,-2.1,168.9,164.0,-4.9,168.9,160.2,-8.7,168.9,157.2,-11.7
223,56,120,98,9,0.386,True,99.0,94.7,5.0,0.643,5.528987172171028,60,16.3,-5.5,-0.46,94.7,96.0,1.3,94.7,96.0,1.3,94.7,96.0,1.3,94.7,95.8,1.1,94.7,93.4,-1.3,94.7,90.2,-4.5,94.7,89.2,-5.5
224,56,67,120,15,0.864,True,120.3,105.9,300.0,0.707,1.699796924717191,45,8.3,1.5,-0.02,118.9,119.0,0.1,118.7,119.6,0.9,118.5,120.0,1.5,118.3,120.0,1.7,118.1,119.6,1.5,117.9,119.0,1.1,117.7,119.2,1.5
225,56,120,116,12,0.83,True,101.7,113.8,8.6,0.969,2.15130904962966,40,10.5,1.2,-0.024,113.4,114.6,1.2,113.6,115.4,1.8,113.6,115.8,2.2,113.7,115.4,1.7,113.7,114.8,1.1,113.7,115.0,1.3,113.8,115.0,1.2
226,56,72,135,11,0.945,True,132.0,134.1,5.9,0.289,3.074567825281804,55,7.8,-0.7,-0.136,134.1,133.0,-1.1,134.1,134.0,-0.1,134.1,135.0,0.9,134.1,135.0,0.9,134.1,133.0,-1.1,134.1,131.0,-3.1,134.1,133.4,-0.7
227,56,85,145,24,0.975,True,127.0,164.0,53.2,0.897,15.64333674631905,60,36.5,-15.6,-0.836,143.0,143.2,0.2,144.9,144.4,-0.5,146.6,145.0,-1.6,148.1,145.0,-3.1,149.6,144.0,-5.6,150.9,141.0,-9.9,152.0,136.4,-15.6
228,56,83,159,27,0.907,True,148.1,163.5,22.4,0.974,4.4766989133599395,60,19.3,-4.5,-0.128,159.5,158.8,-0.7,160.3,158.2,-2.1,160.9,159.0,-1.9,161.5,159.0,-2.5,161.9,158.2,-3.7,162.2,158.2,-4.0,162.5,158.0,-4.5
229,56,94,161,34,0.972,True,142.7,179.0,44.3,0.905,19.455846132890713,60,55.6,-19.5,-0.991,160.6,158.8,-1.8,162.6,160.0,-2.6,164.3,161.0,-3.3,165.9,161.2,-4.7,167.3,158.0,-9.3,168.5,154.0,-14.5,169.7,150.2,-19.5
234,57,64,126,16,0.967,True,127.3,111.5,21.1,0.905,7.504469318803075,55,27.4,-4.1,-0.049,115.3,114.2,-1.1,114.5,112.6,-1.9,113.9,111.2,-2.7,113.4,109.8,-3.6,113.0,106.6,-6.4,112.7,105.2,-7.5,112.5,108.4,-4.1
235,57,92,132,15,0.877,True,132.4,127.2,22.9,0.89,10.402844559539787,60,27.8,-10.4,-0.453,128.6,128.6,-0.0,128.4,127.8,-0.6,128.1,126.6,-1.5,128.0,124.4,-3.6,127.8,123.0,-4.8,127.7,120.8,-6.9,127.6,117.2,-10.4
236,57,73,137,24,0.985,True,140.0,104.0,59.6,0.891,4.973937002735724,50,25.0,-4.2,-0.029,125.8,123.8,-2.0,124.0,121.0,-3.0,122.4,119.6,-2.8,120.9,117.4,-3.5,119.6,114.6,-5.0,118.3,113.8,-4.5,117.2,113.0,-4.2
238,57,83,141,17,0.975,True,143.2,107.0,53.5,0.977,4.009489624779249,60,11.3,4.0,0.286,127.7,127.2,-0.5,125.8,125.6,-0.2,124.1,123.8,-0.3,122.6,122.4,-0.2,121.2,123.4,2.2,119.9,123.8,3.9,118.8,122.8,4.0
239,57,69,146,34,0.99,True,149.3,105.0,42.5,0.97,7.257223158610458,50,33.7,-5.4,0.109,126.9,125.0,-1.9,124.4,122.0,-2.4,122.3,119.0,-3.3,120.4,113.4,-7.0,118.7,111.4,-7.3,117.1,110.6,-6.5,115.8,110.4,-5.4
240,24,110,106,13,0.942,True,107.3,90.5,28.1,0.985,2.939053289903086,45,10.3,0.5,-0.183,96.3,97.0,0.7,95.3,97.0,1.7,94.5,97.0,2.5,93.9,96.8,2.9,93.3,95.0,1.7,92.8,92.6,-0.2,92.5,93.0,0.5
241,24,98,104,13,0.99,True,105.0,90.5,20.5,0.979,0.6664767154967564,40,2.9,-0.2,-0.04,93.8,94.2,0.4,93.1,93.4,0.3,92.5,93.2,0.7,92.1,92.6,0.5,91.7,92.0,0.3,91.5,92.0,0.5,91.2,91.0,-0.2
242,24,73,107,9,0.736,True,107.1,95.4,44.8,0.871,3.2943148622627803,45,13.3,-1.3,-0.283,101.4,102.4,1.0,100.8,103.0,2.2,100.2,103.2,3.0,99.7,103.0,3.3,99.3,98.2,-1.1,98.8,97.4,-1.4,98.5,97.2,-1.3
243,24,92,117,16,0.865,True,119.5,112.9,7.2,0.688,11.685188788730812,60,52.8,-11.7,-0.055,113.0,113.6,0.6,112.9,109.8,-3.1,112.9,103.8,-9.1,112.9,102.2,-10.7,112.9,104.0,-8.9,112.9,104.2,-8.7,112.9,101.2,-11.7
244,24,93,119,12,0.85,True,119.5,103.3,38.4,0.872,3.291954680712962,45,13.0,-0.7,-0.276,110.7,112.0,1.3,109.8,112.6,2.8,109.0,112.0,3.0,108.3,111.6,3.3,107.7,109.6,1.9,107.2,107.2,0.0,106.7,106.0,-0.7
245,24,76,122,20,0.977,True,124.9,91.0,54.7,0.964,2.512175606660861,35,7.0,0.5,0.03,110.6,111.0,0.4,108.9,111.4,2.5,107.3,109.6,2.3,105.9,106.2,0.3,104.6,103.8,-0.8,103.4,103.6,0.2,102.3,102.8,0.5
247,24,86,143,20,0.899,True,143.0,118.0,160.0,0.912,12.50825375981735,55,60.0,-12.2,-0.06,138.7,137.8,-0.9,138.1,134.6,-3.5,137.4,130.0,-7.4,136.9,125.6,-11.3,136.3,124.0,-12.3,135.7,123.2,-12.5,135.2,123.0,-12.2
248,24,76,141,27,0.981,True,144.8,103.0,42.4,0.942,2.135517795597437,45,7.5,0.8,-0.097,123.6,122.8,-0.8,121.3,121.4,0.1,119.3,120.0,0.7,117.5,119.6,2.1,115.9,117.8,1.9,114.4,115.4,1.0,113.2,114.0,0.8
249,58,98,145,12,0.544,True,145.2,139.1,5.0,0.548,6.283541835362598,60,22.7,-6.3,-0.308,139.1,141.0,1.9,139.1,141.0,1.9,139.1,139.8,0.7,139.1,137.6,-1.5,139.1,134.4,-4.7,139.1,133.4,-5.7,139.1,132.8,-6.3
250,58,90,152,15,0.955,True,154.7,120.0,55.1,0.92,5.299355565072858,60,19.9,5.3,0.18,140.2,140.4,0.2,138.4,139.6,1.2,136.8,138.4,1.6,135.4,138.0,2.6,134.0,138.0,4.0,132.8,137.8,5.0,131.7,137.0,5.3
251,25,72,99,12,0.856,True,99.7,94.0,15.0,0.936,7.943975778890348,55,24.6,-7.5,-0.376,94.8,95.2,0.4,94.6,95.6,1.0,94.4,93.4,-1.0,94.3,91.8,-2.5,94.2,90.0,-4.2,94.1,86.2,-7.9,94.1,86.6,-7.5
253,25,83,95,9,0.857,True,95.7,91.7,6.3,0.631,6.278024837245155,45,33.8,-6.1,0.012,91.7,92.6,0.9,91.7,88.2,-3.5,91.7,86.0,-5.7,91.7,85.4,-6.3,91.7,86.0,-5.7,91.7,86.0,-5.7,91.7,85.6,-6.1
255,25,79,112,27,0.972,True,115.5,77.0,53.7,0.952,6.066602286220146,45,25.3,-4.2,0.135,99.0,97.0,-2.0,97.1,93.2,-3.9,95.3,91.0,-4.3,93.7,87.6,-6.1,92.2,89.2,-3.0,90.8,89.0,-1.8,89.6,85.4,-4.2
256,25,67,125,16,0.941,True,128.8,102.1,13.4,0.961,5.975091843460362,60,25.9,6.0,0.09,105.0,107.0,2.0,104.1,106.4,2.3,103.5,106.2,2.7,103.1,107.4,4.3,102.8,107.2,4.4,102.6,106.6,4.0,102.4,108.4,6.0
257,25,97,121,27,0.977,True,123.3,87.0,67.2,0.881,8.608868731293938,55,45.1,-8.1,-0.116,110.2,107.2,-3.0,108.6,103.4,-5.2,107.0,101.0,-6.0,105.6,99.2,-6.4,104.2,96.4,-7.8,103.0,94.4,-8.6,101.9,93.8,-8.1
258,25,82,124,12,0.842,True,125.0,121.6,5.0,0.486,8.990289044849035,50,39.7,-9.0,-0.192,121.6,120.6,-1.0,121.6,119.2,-2.4,121.6,118.0,-3.6,121.6,115.8,-5.8,121.6,112.6,-9.0,121.6,112.6,-9.0,121.6,112.6,-9.0
259,25,95,139,41,0.939,True,141.0,103.0,61.3,0.871,19.299144909288145,55,86.4,-19.3,-0.344,126.3,123.2,-3.1,124.5,119.8,-4.7,122.8,114.2,-8.6,121.2,107.0,-14.2,119.8,102.6,-17.2,118.5,99.2,-19.3,117.3,98.0,-19.3
260,25,120,148,10,0.808,True,147.7,126.3,300.0,0.564,8.652387521446116,50,31.0,-5.5,0.112,145.7,145.0,-0.7,145.4,145.0,-0.4,145.1,143.0,-2.1,144.8,138.0,-6.8,144.5,135.8,-8.7,144.2,137.2,-7.0,143.9,138.4,-5.5
261,25,120,153,25,0.989,True,155.6,120.0,61.1,0.931,6.244252315471385,55,25.5,-5.3,-0.137,141.8,139.6,-2.2,140.0,138.8,-1.2,138.5,136.4,-2.1,137.0,133.6,-3.4,135.7,130.6,-5.1,134.4,128.2,-6.2,133.3,128.0,-5.3
262,25,120,132,11,0.936,True,134.6,119.3,8.4,0.936,2.0654589458134183,35,7.0,1.1,0.024,119.7,119.6,-0.1,119.5,121.6,2.1,119.4,121.0,1.6,119.4,120.0,0.6,119.3,120.2,0.9,119.3,120.0,0.7,119.3,120.4,1.1
264,26,108,114,12,0.866,True,115.1,101.1,42.0,0.958,3.07674923432414,60,10.4,-3.1,-0.364,108.0,108.2,0.2,107.2,108.0,0.8,106.5,108.0,1.5,105.9,108.0,2.1,105.4,107.6,2.2,104.9,104.4,-0.5,104.5,101.4,-3.1
265,26,107,126,29,0.925,True,129.1,90.0,62.5,0.887,12.40365786980442,40,62.5,-8.2,0.166,114.2,109.8,-4.4,112.3,101.6,-10.7,110.6,98.2,-12.4,109.0,98.4,-10.6,107.6,99.0,-8.6,106.2,98.6,-7.6,105.0,96.8,-8.2
266,26,93,126,26,0.907,True,126.7,97.0,99.2,0.943,15.947163037896729,50,78.0,-13.8,0.129,119.0,117.6,-1.4,117.9,112.6,-5.3,116.9,105.2,-11.7,115.9,100.4,-15.5,114.9,99.0,-15.9,114.1,99.6,-14.5,113.2,99.4,-13.8
268,26,120,133,20,0.983,True,135.5,97.0,52.4,0.958,3.33760454761304,60,7.7,3.3,0.179,118.7,117.4,-1.3,116.8,116.2,-0.6,115.0,114.8,-0.2,113.3,113.8,0.5,111.8,112.6,0.8,110.5,111.6,1.1,109.3,112.6,3.3
269,26,120,128,11,0.852,True,130.7,119.9,7.6,0.852,3.2884442422937212,60,11.9,-3.3,-0.158,120.1,118.8,-1.3,120.0,119.6,-0.4,119.9,120.6,0.7,119.9,119.2,-0.7,119.9,117.2,-2.7,119.9,117.0,-2.9,119.9,116.6,-3.3
270,26,101,131,9,0.868,True,131.8,125.9,9.8,0.917,5.736452849608881,45,26.1,-4.9,0.063,126.2,127.2,1.0,126.0,125.8,-0.2,126.0,121.0,-5.0,125.9,120.2,-5.7,125.9,121.0,-4.9,125.9,121.6,-4.3,125.9,121.0,-4.9
272,26,107,152,21,0.885,True,152.1,127.0,177.4,0.825,13.925250280651909,60,49.4,-13.9,-0.495,148.2,146.6,-1.6,147.6,144.6,-3.0,147.1,144.0,-3.1,146.5,140.0,-6.5,146.0,136.6,-9.4,145.4,133.6,-11.8,144.9,131.0,-13.9
273,26,99,130,14,0.902,True,130.9,115.8,30.0,0.944,2.827431455550993,45,10.1,-2.3,-0.344,121.4,121.2,-0.2,120.5,121.2,0.7,119.8,122.0,2.2,119.2,122.0,2.8,118.7,120.6,1.9,118.2,118.2,-0.0,117.9,115.6,-2.3
274,59,61,140,28,0.905,True,143.2,124.0,13.1,0.946,18.442166021855144,45,82.7,-12.2,0.404,126.0,126.4,0.4,125.3,120.6,-4.7,124.9,110.6,-14.3,124.6,106.2,-18.4,124.4,107.4,-17.0,124.3,108.8,-15.5,124.2,112.0,-12.2
275,59,120,168,13,0.774,True,167.2,159.9,300.0,0.083,2.8629648505289254,60,6.6,-2.9,-0.183,166.5,166.0,-0.5,166.4,166.0,-0.4,166.3,166.0,-0.3,166.2,166.0,-0.2,166.1,165.4,-0.7,166.0,164.2,-1.8,165.9,163.0,-2.9
276,59,120,168,14,0.693,True,165.8,168.3,14.7,0.646,2.664535506331532,60,6.3,-2.7,-0.173,168.0,167.4,-0.6,168.1,167.0,-1.1,168.1,168.0,-0.1,168.2,168.0,-0.2,168.2,168.0,-0.2,168.2,166.8,-1.4,168.3,165.6,-2.7
277,27,107,107,15,0.961,True,110.0,74.0,48.6,0.978,7.986358230876988,55,32.4,7.7,0.265,93.4,94.0,0.6,91.5,94.6,3.1,89.8,92.4,2.6,88.3,92.0,3.7,86.9,93.6,6.7,85.6,93.6,8.0,84.5,92.2,7.7
278,27,95,115,31,0.98,True,117.1,80.0,61.4,0.932,9.969608759241197,60,47.3,-10.0,-0.182,102.8,100.0,-2.8,101.0,95.8,-5.2,99.4,93.0,-6.4,97.8,90.2,-7.6,96.4,89.8,-6.6,95.2,86.4,-8.8,94.0,84.0,-10.0
279,27,83,117,28,0.978,True,120.5,84.0,48.4,0.947,8.81395998028637,50,37.4,-5.6,0.156,103.7,103.6,-0.1,101.7,99.4,-2.3,100.0,95.8,-4.2,98.4,90.4,-8.0,97.0,88.2,-8.8,95.7,87.4,-8.3,94.6,89.0,-5.6
280,27,92,111,23,0.99,True,113.1,86.1,30.8,0.991,1.963660968645911,60,7.1,-2.0,-0.195,96.3,96.8,0.5,94.8,95.2,0.4,93.5,94.8,1.3,92.4,93.4,1.0,91.4,92.8,1.4,90.6,91.2,0.6,90.0,88.0,-2.0
282,27,107,109,13,0.793,True,112.4,99.7,7.8,0.863,5.464796374869167,55,19.8,-3.5,-0.062,99.9,101.0,1.1,99.8,101.0,1.2,99.7,100.6,0.9,99.7,97.2,-2.5,99.7,94.4,-5.3,99.7,94.2,-5.5,99.7,96.2,-3.5
283,27,66,129,21,0.95,True,131.8,106.6,17.4,0.984,3.1649142750685115,50,12.5,0.7,0.073,111.0,112.0,1.0,109.9,112.8,2.9,109.1,111.4,2.3,108.4,108.2,-0.2,108.0,104.8,-3.2,107.6,105.4,-2.2,107.3,108.0,0.7
284,27,73,135,46,0.976,True,139.3,82.0,36.8,0.958,8.720071573362745,40,41.5,-4.4,0.052,107.4,102.4,-5.0,104.1,96.6,-7.5,101.3,92.6,-8.7,98.9,93.0,-5.9,96.7,92.6,-4.1,94.8,89.0,-5.8,93.2,88.8,-4.4
285,27,68,139,41,0.876,True,141.0,109.0,73.0,0.963,27.24689260126577,55,106.7,-24.5,-0.566,130.2,128.6,-1.6,128.8,124.2,-4.6,127.5,118.4,-9.1,126.3,110.0,-16.3,125.1,101.6,-23.5,124.0,96.8,-27.2,123.1,98.6,-24.5
286,27,96,118,13,0.865,True,119.9,111.9,5.7,0.946,8.465992707477682,45,39.7,-7.1,0.14,111.9,111.2,-0.7,111.9,108.4,-3.5,111.9,105.2,-6.7,111.9,103.4,-8.5,111.9,103.8,-8.1,111.9,106.6,-5.3,111.9,104.8,-7.1
287,27,75,124,12,0.858,True,124.0,100.0,181.9,0.885,6.459484970035106,60,16.4,-6.5,-0.369,120.4,120.2,-0.2,119.8,120.6,0.8,119.3,119.2,-0.1,118.7,117.8,-0.9,118.2,115.2,-3.0,117.7,112.8,-4.9,117.3,110.8,-6.5
288,27,120,132,9,0.867,True,132.2,124.9,14.3,0.853,2.160206042941411,60,5.9,-2.2,-0.202,125.8,125.0,-0.8,125.5,125.8,0.3,125.3,126.0,0.7,125.2,126.0,0.8,125.1,125.6,0.5,125.0,124.4,-0.6,125.0,122.8,-2.2
289,27,83,144,23,0.882,True,145.8,137.8,12.7,0.963,17.126754814674783,55,69.9,-16.7,-0.314,138.6,138.4,-0.2,138.3,136.2,-2.1,138.2,132.6,-5.6,138.1,126.4,-11.7,138.0,121.4,-16.6,137.9,120.8,-17.1,137.9,121.2,-16.7
290,28,104,136,19,0.978,True,138.8,99.0,43.6,0.981,6.95044778628035,60,21.7,7.0,0.275,119.0,119.0,-0.0,116.8,117.6,0.8,114.9,116.0,1.1,113.2,116.0,2.8,111.6,116.0,4.4,110.3,116.0,5.7,109.0,116.0,7.0
291,28,61,141,23,0.894,True,143.2,109.0,63.9,0.982,14.90212902907598,45,67.5,-4.9,0.67,130.4,128.6,-1.8,128.8,120.8,-8.0,127.3,112.8,-14.5,125.9,111.0,-14.9,124.6,111.2,-13.4,123.5,113.4,-10.1,122.4,117.5,-4.9
293,28,70,152,21,0.968,True,154.3,121.0,76.0,0.86,7.196583473718533,45,37.7,-5.5,0.096,143.4,141.2,-2.2,142.0,138.6,-3.4,140.6,135.2,-5.4,139.4,132.2,-7.2,138.2,131.4,-6.8,137.1,130.0,-7.1,136.1,130.6,-5.5
294,29,96,115,20,0.944,True,117.4,84.0,75.7,0.828,6.0657611574876,40,29.6,-4.1,0.089,106.4,103.8,-2.6,105.0,100.4,-4.6,103.7,97.6,-6.1,102.4,97.0,-5.4,101.2,97.6,-3.6,100.1,97.0,-3.1,99.1,95.0,-4.1
295,29,90,105,15,0.937,True,106.3,84.7,41.5,0.946,3.448724556952058,40,12.8,0.0,-0.092,95.2,96.0,0.8,94.0,96.8,2.8,93.0,96.4,3.4,92.0,93.8,1.8,91.2,92.8,1.6,90.4,92.8,2.4,89.8,89.8,0.0
296,29,97,132,9,0.912,True,132.9,127.4,14.6,0.926,5.620926049723522,50,22.7,-5.5,-0.061,128.1,128.2,0.1,127.9,128.0,0.1,127.8,126.4,-1.4,127.7,123.2,-4.5,127.6,122.0,-5.6,127.6,122.0,-5.6,127.5,122.0,-5.5
297,29,101,135,25,0.96,True,138.9,96.0,49.8,0.918,4.008212357236673,35,13.3,0.4,0.121,119.5,116.6,-2.9,117.2,113.2,-4.0,115.2,112.0,-3.2,113.3,112.0,-1.3,111.7,112.0,0.3,110.2,111.4,1.2,108.8,109.2,0.4
298,29,64,151,11,0.882,True,153.4,121.0,67.7,0.95,6.033892327163159,60,21.6,6.0,0.293,141.8,140.6,-1.2,140.3,137.2,-3.1,139.0,137.4,-1.6,137.7,139.2,1.5,136.5,140.0,3.5,135.4,140.0,4.6,134.4,140.4,6.0
299,30,120,114,14,0.958,True,114.8,108.5,13.5,0.699,8.182615111165092,60,31.4,-8.2,-0.246,109.2,107.6,-1.6,109.0,106.4,-2.6,108.8,105.0,-3.8,108.7,104.2,-4.5,108.7,104.0,-4.7,108.6,102.6,-6.0,108.6,100.4,-8.2
300,30,85,93,10,0.839,True,96.2,85.1,5.7,0.81,2.2619962898062482,60,7.4,-2.3,-0.084,85.1,86.8,1.7,85.1,84.6,-0.5,85.1,83.2,-1.9,85.1,84.2,-0.9,85.1,85.2,0.1,85.1,85.2,0.1,85.1,82.8,-2.3
301,30,120,99,13,0.946,True,101.8,67.0,51.4,0.946,8.14924156677543,60,23.2,8.1,0.433,86.4,87.0,0.6,84.6,85.6,1.0,83.0,85.0,2.0,81.5,83.4,1.9,80.2,83.6,3.4,79.0,85.2,6.2,77.9,86.0,8.1
302,30,88,103,19,0.957,True,106.4,67.0,46.4,0.917,5.9642143218217,60,20.7,6.0,0.263,87.7,87.4,-0.3,85.6,88.0,2.4,83.7,86.8,3.1,82.0,84.2,2.2,80.4,82.8,2.4,79.1,83.4,4.3,77.8,83.8,6.0
303,30,88,101,20,0.952,True,101.8,74.0,119.0,0.898,10.372837025381315,60,39.1,-10.4,-0.326,95.6,94.2,-1.4,94.7,92.6,-2.1,93.8,89.6,-4.2,93.0,87.6,-5.4,92.2,85.2,-7.0,91.5,83.0,-8.5,90.8,80.4,-10.4
305,30,73,107,16,0.913,True,107.2,102.9,9.2,0.854,11.862160526262954,55,48.1,-11.9,-0.462,103.0,102.0,-1.0,102.9,99.2,-3.7,102.9,97.0,-5.9,102.9,97.6,-5.3,102.9,94.4,-8.5,102.9,91.0,-11.9,102.9,91.0,-11.9
306,31,79,120,22,0.942,True,121.3,93.0,96.8,0.977,10.644395063159095,55,48.0,-10.2,-0.094,113.8,113.4,-0.4,112.7,110.6,-2.1,111.7,105.8,-5.9,110.8,101.8,-9.0,109.9,100.2,-9.7,109.0,98.4,-10.6,108.2,98.0,-10.2
307,31,92,131,22,0.69,True,131.6,126.3,15.2,0.921,18.186726565501928,60,51.2,-18.2,-0.821,127.0,128.0,1.0,126.8,129.8,3.0,126.7,126.8,0.1,126.6,120.8,-5.8,126.5,116.8,-9.7,126.4,113.0,-13.4,126.4,108.2,-18.2
308,31,120,121,12,0.908,True,121.9,95.0,124.5,0.717,3.4316688953316543,60,15.2,-3.4,-0.054,116.2,114.4,-1.8,115.3,112.6,-2.7,114.5,111.2,-3.3,113.8,111.2,-2.6,113.0,112.4,-0.6,112.3,111.6,-0.7,111.6,108.2,-3.4
310,31,83,130,14,0.908,True,132.2,98.0,54.1,0.915,7.248838084027312,55,34.8,6.3,0.028,117.6,118.4,0.8,115.9,119.0,3.1,114.3,119.0,4.7,112.9,119.0,6.1,111.5,118.0,6.5,110.4,117.6,7.2,109.3,115.6,6.3
312,31,93,132,19,0.979,True,133.1,102.0,68.6,0.98,3.2196484783532213,50,13.0,-3.0,-0.097,122.1,122.0,-0.1,120.7,122.0,1.3,119.4,120.2,0.8,118.2,116.8,-1.4,117.0,113.8,-3.2,116.0,112.8,-3.2,115.0,112.0,-3.0
314,31,78,116,11,0.922,True,116.9,107.4,32.8,0.816,5.996412592800624,40,30.8,-3.9,0.119,111.2,110.2,-1.0,110.7,107.2,-3.5,110.2,104.2,-6.0,109.8,104.0,-5.8,109.5,104.0,-5.5,109.2,104.0,-5.2,108.9,105.0,-3.9
316,31,115,128,23,0.787,True,132.4,115.8,8.2,0.892,10.587732102727003,60,28.1,-10.6,-0.62,116.2,118.0,1.8,116.0,118.0,2.0,115.9,117.0,1.1,115.8,114.6,-1.2,115.8,111.6,-4.2,115.8,108.6,-7.2,115.8,105.2,-10.6
318,31,120,127,25,0.989,True,129.7,88.0,45.4,0.97,2.8823764698626775,60,8.0,2.9,0.226,109.5,108.2,-1.3,107.3,107.0,-0.3,105.3,105.6,0.3,103.5,102.8,-0.7,101.9,102.8,0.9,100.4,102.0,1.6,99.1,102.0,2.9
319,31,81,119,13,0.948,True,120.8,87.0,56.9,0.963,8.02171432988888,60,35.4,8.0,0.169,107.0,108.0,1.0,105.3,109.0,3.7,103.7,109.0,5.3,102.3,107.8,5.5,101.0,106.6,5.6,99.9,106.2,6.3,98.8,106.8,8.0
320,31,120,139,26,0.955,True,141.7,105.0,65.9,0.855,8.997874695778208,40,52.3,-7.8,-0.004,128.3,124.6,-3.7,126.6,118.6,-8.0,125.0,116.0,-9.0,123.5,115.6,-7.9,122.2,114.6,-7.6,120.9,112.6,-8.3,119.8,112.0,-7.8
321,60,120,117,16,0.974,True,119.2,91.0,94.6,0.928,4.94787947858255,60,16.5,-4.9,-0.197,111.5,111.2,-0.3,110.5,110.4,-0.1,109.5,108.6,-0.9,108.5,106.6,-1.9,107.6,103.8,-3.8,106.8,102.2,-4.6,105.9,101.0,-4.9
322,60,83,116,11,0.954,True,117.2,95.4,57.2,0.908,1.9043216078209753,50,8.0,1.2,0.213,108.3,109.0,0.7,107.2,105.8,-1.4,106.2,105.2,-1.0,105.3,103.6,-1.7,104.5,102.6,-1.9,103.7,103.8,0.1,103.0,104.2,1.2
323,32,120,124,10,0.777,True,125.1,123.4,5.0,0.504,10.200282844607372,55,36.0,-9.2,-0.3,123.4,123.0,-0.4,123.4,122.4,-1.0,123.4,121.0,-2.4,123.4,118.4,-5.0,123.4,115.6,-7.8,123.4,113.2,-10.2,123.4,114.2,-9.2
325,32,81,120,18,0.847,True,123.4,106.9,11.8,0.891,4.553266308455477,60,13.4,-4.6,-0.267,108.1,110.6,2.5,107.7,110.8,3.1,107.4,109.4,2.0,107.2,107.0,-0.2,107.1,107.8,0.7,107.0,107.4,0.4,107.0,102.4,-4.6
326,32,120,125,21,0.995,True,126.2,101.9,28.9,0.981,1.3895264856836178,60,5.6,-1.4,-0.022,110.5,110.4,-0.1,109.2,108.8,-0.4,108.0,106.8,-1.2,107.1,106.0,-1.1,106.2,105.6,-0.6,105.6,104.8,-0.8,105.0,103.6,-1.4
327,32,120,124,14,0.859,True,126.4,115.3,8.4,0.937,5.146627883355265,60,11.3,-5.1,-0.305,115.7,116.0,0.3,115.5,116.0,0.5,115.4,116.2,0.8,115.4,115.0,-0.4,115.4,113.8,-1.6,115.4,112.8,-2.6,115.3,110.2,-5.1
328,32,113,136,15,0.973,True,137.2,127.0,15.6,0.976,6.24485707618237,60,20.6,-6.2,-0.277,128.5,129.0,0.5,128.1,127.8,-0.3,127.8,126.2,-1.6,127.6,125.2,-2.4,127.4,123.8,-3.6,127.3,121.4,-5.9,127.2,121.0,-6.2
329,32,118,134,19,0.926,True,134.9,108.0,168.7,0.651,12.448412482265482,60,46.3,-12.4,-0.415,130.5,128.2,-2.3,129.9,126.4,-3.5,129.2,124.6,-4.6,128.6,122.4,-6.2,128.0,120.4,-7.6,127.4,117.8,-9.6,126.8,114.4,-12.4
330,32,99,141,17,0.917,True,143.2,136.6,5.3,0.898,12.446428431089672,60,53.8,-12.4,-0.18,136.7,136.4,-0.3,136.7,132.4,-4.3,136.6,129.4,-7.2,136.6,127.2,-9.4,136.6,126.6,-10.0,136.6,126.6,-10.0,136.6,124.2,-12.4
331,61,105,120,31,0.972,True,85.8,132.0,87.0,0.403,15.312941950801289,45,89.1,8.0,-0.499,99.3,111.0,11.7,101.1,115.2,14.1,102.9,117.8,14.9,104.5,119.8,15.3,106.0,120.0,14.0,107.5,118.6,11.1,108.8,116.8,8.0
332,61,115,117,16,0.971,True,89.1,112.6,6.7,0.898,4.446651095309804,45,22.3,1.8,-0.154,112.3,111.2,-1.1,112.5,114.4,1.9,112.5,116.8,4.3,112.6,117.0,4.4,112.6,116.8,4.2,112.6,117.0,4.4,112.6,114.4,1.8
333,61,85,132,33,0.81,True,114.2,94.5,300.0,0.413,20.843884686006263,50,99.3,18.4,-0.117,112.3,114.0,1.7,112.0,118.4,6.4,111.7,124.8,13.1,111.4,131.2,19.8,111.2,132.0,20.8,110.9,130.0,19.1,110.6,129.0,18.4
334,61,95,135,26,0.929,True,93.0,138.0,38.4,0.808,10.33423887742164,45,35.5,0.6,-0.676,117.4,118.8,1.4,119.9,123.2,3.3,122.1,129.0,6.9,124.1,134.4,10.3,125.8,134.6,8.8,127.3,131.4,4.1,128.6,129.2,0.6
336,33,64,109,12,0.952,True,109.5,96.1,23.9,0.967,5.5844712001466945,50,16.0,-1.2,0.035,99.9,99.0,-0.9,99.2,98.0,-1.2,98.6,98.0,-0.6,98.2,96.6,-1.6,97.8,92.2,-5.6,97.5,92.6,-4.9,97.2,96.0,-1.2
337,33,109,142,22,0.977,True,144.0,110.0,65.2,0.941,5.032661376509651,45,26.2,-3.5,0.113,131.4,129.6,-1.8,129.9,127.0,-2.9,128.4,123.8,-4.6,127.0,122.0,-5.0,125.8,121.0,-4.8,124.6,121.0,-3.6,123.5,120.0,-3.5
338,33,90,136,11,0.88,True,137.6,105.0,68.7,0.931,6.674688878240389,50,33.0,6.4,0.017,126.0,125.8,-0.2,124.6,127.0,2.4,123.2,127.8,4.6,121.9,128.0,6.1,120.7,127.4,6.7,119.6,126.2,6.6,118.6,125.0,6.4
339,33,73,143,9,0.818,True,144.4,133.0,19.1,0.939,3.3483481385244716,50,14.1,-0.7,-0.245,135.4,136.6,1.2,134.8,137.0,2.2,134.4,137.0,2.6,134.1,136.8,2.7,133.9,137.2,3.3,133.7,135.0,1.3,133.5,132.8,-0.7
340,33,86,155,19,0.86,True,155.5,152.7,5.7,0.661,16.743867545589637,60,86.8,-16.7,-0.072,152.8,151.0,-1.8,152.7,145.6,-7.1,152.7,139.4,-13.3,152.7,137.0,-15.7,152.7,137.0,-15.7,152.7,136.4,-16.3,152.7,136.0,-16.7
341,33,120,152,11,0.866,True,154.3,124.9,34.7,0.961,10.849318626055634,60,51.0,10.8,0.188,137.3,139.0,1.7,135.7,140.2,4.5,134.2,141.0,6.8,133.0,141.0,8.0,131.9,141.0,9.1,131.0,141.0,10.0,130.2,141.0,10.8
343,64,75,130,18,0.949,True,131.3,102.0,114.7,0.837,9.929400532394823,55,47.6,-8.0,-0.074,124.5,122.4,-2.1,123.6,118.4,-5.2,122.7,116.4,-6.3,121.8,114.8,-7.0,120.9,111.8,-9.1,120.1,110.2,-9.9,119.4,111.4,-8.0
345,64,73,125,20,0.948,True,125.6,103.4,94.5,0.947,9.947926476875892,60,45.9,-9.9,-0.117,119.5,118.8,-0.7,118.7,115.2,-3.5,117.9,111.8,-6.1,117.2,109.0,-8.2,116.5,108.0,-8.5,115.8,106.8,-9.0,115.1,105.2,-9.9
346,64,67,129,17,0.945,True,130.6,122.0,8.2,0.956,12.234203726653277,55,47.4,-10.0,-0.214,122.2,121.6,-0.6,122.1,119.6,-2.5,122.1,117.2,-4.9,122.1,114.8,-7.3,122.0,112.2,-9.8,122.0,109.8,-12.2,122.0,112.0,-10.0
347,64,81,129,15,0.837,True,128.6,103.0,143.8,0.85,8.696669307831428,50,28.7,-6.1,-0.124,123.8,123.2,-0.6,123.1,123.8,0.7,122.4,122.6,0.2,121.7,117.8,-3.9,121.1,112.4,-8.7,120.5,112.0,-8.5,119.9,113.8,-6.1
348,64,92,146,20,0.89,True,147.8,116.0,58.9,0.934,5.204784890926561,45,20.7,-1.7,-0.438,135.1,136.0,0.9,133.5,136.0,2.5,132.1,136.6,4.5,130.8,136.0,5.2,129.6,133.2,3.6,128.5,130.8,2.3,127.5,125.8,-1.7
349,68,67,133,9,0.88,True,133.4,111.0,246.5,0.88,7.3247632632605075,55,24.7,-4.6,-0.055,130.8,131.0,0.2,130.4,130.0,-0.4,130.0,127.6,-2.4,129.7,125.4,-4.3,129.3,123.8,-5.5,128.9,121.6,-7.3,128.6,124.0,-4.6
350,68,70,136,9,0.917,True,136.5,112.0,159.1,0.869,3.4833491325071577,45,14.7,-2.6,0.047,132.3,132.0,-0.3,131.7,133.0,1.3,131.1,130.2,-0.9,130.5,127.0,-3.5,129.9,127.0,-2.9,129.4,126.2,-3.2,128.8,126.2,-2.6
351,68,108,142,11,0.451,True,142.1,139.2,5.0,0.438,8.78865013113898,55,27.8,-8.8,-0.64,139.2,141.0,1.8,139.2,141.0,1.8,139.2,140.2,1.0,139.2,139.8,0.6,139.2,134.2,-5.0,139.2,130.4,-8.8,139.2,130.4,-8.8
354,69,69,125,33,0.976,True,127.1,106.4,16.4,0.993,15.278207723292113,55,66.8,-15.1,-0.247,109.7,109.2,-0.5,108.8,106.0,-2.8,108.2,100.6,-7.6,107.7,96.4,-11.3,107.3,93.0,-14.3,107.1,91.8,-15.3,106.9,91.8,-15.1
356,69,120,153,15,0.944,True,153.9,127.0,103.4,0.933,4.0567175346500335,60,7.9,-4.1,-0.335,147.1,147.2,0.1,146.2,146.2,0.0,145.3,146.0,0.7,144.4,145.2,0.8,143.6,144.2,0.6,142.8,141.2,-1.6,142.1,138.0,-4.1
357,69,105,147,12,0.87,True,147.9,131.3,37.9,0.857,3.341594888041186,40,11.9,-0.1,-0.194,138.8,139.8,1.0,137.9,140.4,2.5,137.1,140.4,3.3,136.3,139.0,2.7,135.7,137.6,1.9,135.2,135.6,0.4,134.7,134.6,-0.1
358,69,63,141,17,0.94,True,143.5,112.0,75.4,0.914,8.62910230146008,50,28.3,-1.4,0.333,133.2,131.8,-1.4,131.8,130.8,-1.0,130.5,127.8,-2.7,129.3,123.0,-6.3,128.2,119.6,-8.6,127.2,120.4,-6.8,126.2,124.8,-1.4
359,69,120,142,12,0.741,True,143.2,131.5,23.6,0.944,3.7651884434600618,45,14.1,-2.4,-0.417,134.8,134.0,-0.8,134.2,135.4,1.2,133.6,137.2,3.6,133.2,137.0,3.8,132.9,134.4,1.5,132.6,131.8,-0.8,132.4,130.0,-2.4
361,70,79,127,24,0.926,True,128.6,96.0,104.1,0.593,12.763017083981751,50,67.0,-11.3,0.013,120.4,116.2,-4.2,119.3,113.2,-6.1,118.2,109.2,-9.0,117.2,105.8,-11.4,116.2,103.4,-12.8,115.2,103.0,-12.2,114.3,103.0,-11.3
362,70,88,131,27,0.91,True,133.1,99.0,62.5,0.933,8.648110531020237,60,26.1,-8.6,-0.548,120.1,119.6,-0.5,118.5,121.2,2.7,117.0,120.8,3.8,115.6,115.4,-0.2,114.3,110.2,-4.1,113.1,107.0,-6.1,112.0,103.4,-8.6
363,70,118,135,28,0.922,True,136.9,126.0,7.7,0.959,19.554778899050206,60,65.3,-19.6,-0.694,126.2,125.6,-0.6,126.1,123.0,-3.1,126.0,120.6,-5.4,126.0,117.0,-9.0,126.0,113.6,-12.4,126.0,110.6,-15.4,126.0,106.4,-19.6
364,70,70,131,20,0.925,True,132.2,119.8,32.9,0.979,12.488191365946065,50,58.4,-10.8,0.109,124.8,123.8,-1.0,124.1,120.8,-3.3,123.5,115.8,-7.7,122.9,110.8,-12.1,122.5,110.0,-12.5,122.1,111.0,-11.1,121.8,111.0,-10.8
365,70,95,134,19,0.966,True,137.1,99.0,49.1,0.931,3.9726828735712587,60,11.9,4.0,0.252,119.7,119.0,-0.7,117.7,118.6,0.9,115.9,116.4,0.5,114.2,114.6,0.4,112.8,114.6,1.8,111.4,115.0,3.6,110.2,114.2,4.0
366,71,102,124,10,0.958,True,124.7,99.0,114.7,0.961,1.8439332402885498,40,6.6,-0.3,-0.13,118.8,119.0,0.2,118.0,118.8,0.8,117.2,119.0,1.8,116.4,118.0,1.6,115.6,117.0,1.4,114.9,115.4,0.5,114.3,114.0,-0.3
367,71,67,130,19,0.942,True,129.9,119.5,27.0,0.907,12.681856847223216,55,46.8,-10.7,-0.336,123.0,122.0,-1.0,122.4,119.8,-2.6,121.9,117.6,-4.3,121.5,115.4,-6.1,121.2,111.6,-9.6,120.9,108.2,-12.7,120.7,110.0,-10.7
368,71,88,136,16,0.948,True,137.9,106.0,88.7,0.819,3.671469164797074,35,19.3,-3.0,0.011,128.7,126.0,-2.7,127.5,123.8,-3.7,126.3,123.0,-3.3,125.2,122.2,-3.0,124.1,122.0,-2.1,123.1,121.6,-1.5,122.2,119.2,-3.0
369,71,101,135,11,0.96,True,136.8,128.6,10.4,0.924,4.661995542147167,55,22.9,-4.6,-0.075,129.1,129.0,-0.1,128.9,126.6,-2.3,128.8,125.0,-3.8,128.7,125.0,-3.7,128.7,125.0,-3.7,128.7,124.0,-4.7,128.6,124.0,-4.6
371,71,77,134,15,0.955,True,134.3,108.0,148.9,0.883,7.587655685979357,60,28.5,-7.6,-0.28,129.5,128.0,-1.5,128.8,125.4,-3.4,128.1,124.4,-3.7,127.5,123.8,-3.7,126.8,123.6,-3.2,126.2,120.8,-5.4,125.6,118.0,-7.6
372,71,77,141,9,0.979,True,142.0,117.7,71.3,0.979,3.7899143761331118,60,11.3,3.8,0.207,133.7,134.0,0.3,132.6,133.4,0.8,131.6,132.8,1.2,130.7,131.2,0.5,129.8,131.8,2.0,129.0,131.6,2.6,128.2,132.0,3.8
373,71,300,171,17,0.898,True,171.4,165.6,16.4,0.951,12.520934657651594,60,39.3,-12.5,-0.521,166.5,166.4,-0.1,166.3,165.0,-1.3,166.1,163.4,-2.7,165.9,161.2,-4.7,165.8,158.2,-7.6,165.8,155.4,-10.4,165.7,153.2,-12.5
